City Dist,Road Dist,Land Type,Soil,Water,Road,Electricity,Irrigation,Area,Town Dist,Market Dist,Crop,Ownership,Price
5,2.4,Agricultural,Medium,Borewell,Yes,No,Yes,5.3,2.7,2.2,Cotton,Yes,282.6
19.1,3.3,Agricultural,High,None,Yes,Yes,No,13.8,10.9,9.1,Groundnut,Yes,471.5
11.5,1.9,Agricultural,Medium,Borewell,Yes,Yes,Yes,8.7,8.2,8.8,Vegetables,Yes,437.5
25.9,1.1,Residential,Medium,Municipal,Yes,Yes,No,4.9,18.3,17,None,Yes,467.9
7,3,Agricultural,Medium,Canal,Yes,Yes,Yes,9.5,3.4,2.5,Maize,Yes,488.2
19.6,2.6,Agricultural,High,Canal,Yes,Yes,Yes,8.1,8.9,6.3,Rice,Yes,361.6
12.4,1.6,Agricultural,Medium,Borewell,Yes,Yes,Yes,10.3,6.3,6.7,Maize,Yes,516.1
24,4.9,Residential,Medium,Municipal,Yes,Yes,No,3.6,10.5,7.9,None,Yes,326.2
5.9,1.4,Residential,High,Municipal,Yes,Yes,No,1.9,3.2,4,None,Yes,254.2
25.6,2.7,Agricultural,High,Borewell,Yes,Yes,Yes,7.2,11.8,12.4,Cotton,Yes,279.4
12,3,Residential,High,Municipal,Yes,Yes,No,4.3,5.3,4.5,None,Yes,518.7
15.1,3.9,Agricultural,Medium,Canal,Yes,Yes,Yes,17.7,8.5,9.3,Millets,Yes,678
13.7,4.4,Residential,Low,Municipal,Yes,Yes,No,1.6,5.9,4.7,None,Yes,162
11.3,2.2,Residential,High,Municipal,Yes,Yes,No,2.7,7.7,6.9,None,Yes,332.5
10,1.2,Agricultural,High,Borewell,Yes,Yes,Yes,10.5,7.1,7.2,Cotton,Yes,675.7
12.9,4.7,Agricultural,Medium,Borewell,Yes,Yes,Yes,18.9,7.5,6.1,Cotton,Yes,809.8
7.9,4.7,Residential,Low,Borewell,Yes,Yes,No,1.7,5.3,6.3,None,Yes,176.2
12.8,3,Agricultural,Low,Canal,Yes,Yes,Yes,17.9,5.9,6.2,Vegetables,Yes,632.7
9.1,2.3,Commercial,Medium,Municipal,Yes,Yes,No,2.1,4.7,3.8,None,Yes,481
19.7,4.5,Agricultural,Low,Borewell,Yes,Yes,Yes,16.5,14.4,10.9,Millets,Yes,424.1
6.4,2.6,Residential,Medium,Municipal,Yes,Yes,No,4.9,3,2.6,None,Yes,591.2
14.6,0.5,Agricultural,Medium,None,Yes,Yes,No,18.1,8.2,8.2,Cotton,Yes,664.4
14.8,2.2,Agricultural,High,Borewell,Yes,Yes,Yes,14.2,6.4,5,Rice,Yes,790.4
4.4,2.7,Agricultural,Medium,Canal,Yes,Yes,Yes,11.5,2.3,2.5,Cotton,Yes,645.8
13.3,4,Commercial,Medium,Municipal,Yes,Yes,No,1.4,8.2,7.9,None,Yes,303.6
27.9,4.3,Residential,High,Municipal,Yes,Yes,No,3.6,12.2,11.2,None,Yes,348.4
27.1,4.1,Agricultural,Medium,None,Yes,Yes,No,3.8,12.3,12.5,Millets,Yes,41.9
19.5,2.6,Residential,Medium,Municipal,Yes,Yes,No,3.8,13.6,10.9,None,Yes,386
21.4,4.1,Residential,Medium,Municipal,Yes,Yes,No,3.4,10.2,8.2,None,Yes,327
27,3.3,Agricultural,High,Canal,Yes,Yes,Yes,14.9,20.4,24.4,Vegetables,Yes,495
24.3,4.8,Agricultural,Medium,None,Yes,Yes,No,11,12.8,16.4,Maize,Yes,148.1
6.4,3.3,Agricultural,Low,None,Yes,Yes,No,13.2,4.8,6.1,Maize,Yes,445.7
22.7,2,Agricultural,Medium,Borewell,Yes,Yes,Yes,12.6,14.1,14.2,Cotton,Yes,442.9
26.4,0.6,Commercial,High,Municipal,Yes,Yes,No,0.8,14,16.2,None,Yes,177
6.2,2.4,Residential,High,Municipal,Yes,Yes,No,2,2.5,2.4,None,Yes,260.7
13,1.6,Commercial,Medium,Municipal,Yes,Yes,No,2.4,7.4,8.2,None,Yes,534.3
12.6,1.6,Agricultural,Low,None,Yes,Yes,No,9.1,5.9,5.2,Cotton,Yes,258.8
11.8,3.4,Agricultural,High,Borewell,Yes,Yes,Yes,12.7,6.5,5,Cotton,Yes,723.5
3.5,3.6,Residential,Low,Municipal,Yes,Yes,No,4.8,2.1,1.9,None,Yes,548
3.1,1.6,Agricultural,Medium,Borewell,Yes,Yes,Yes,12.7,1.6,2,Groundnut,Yes,802.6
13.3,4.6,Commercial,High,Municipal,Yes,Yes,No,2,7.4,7,None,Yes,452.5
22.3,2.5,Agricultural,Medium,Borewell,Yes,Yes,Yes,3.2,10.7,8.7,Vegetables,Yes,109
18.2,3.6,Agricultural,Medium,None,Yes,Yes,No,7.9,9.7,11.3,Cotton,Yes,194.6
11.8,4.5,Agricultural,Medium,Borewell,Yes,Yes,Yes,19.8,8.8,9.6,Groundnut,Yes,880.2
2.9,1.1,Residential,High,Municipal,Yes,Yes,No,3.3,1.6,1.8,None,Yes,460.6
16.7,4.1,Agricultural,High,Canal,Yes,Yes,Yes,3,11.6,8.9,Vegetables,Yes,136.5
16.1,1.3,Agricultural,Low,Borewell,Yes,Yes,Yes,10.7,8.4,10.9,Millets,Yes,400.4
12.7,2.9,Agricultural,High,None,Yes,Yes,No,13.5,8.1,10.3,Maize,Yes,589.2
16.1,0.7,Agricultural,Low,Canal,Yes,Yes,Yes,2.2,10,12.7,Vegetables,Yes,75.8
22.2,1.8,Agricultural,High,Borewell,Yes,Yes,Yes,6.4,16.1,15.2,Millets,Yes,296.3
14.4,2.1,Agricultural,Low,Canal,Yes,No,Yes,19.2,8.8,9.2,Cotton,Yes,582.4
18.7,0.9,Agricultural,High,None,Yes,No,No,8.1,8.3,9.4,Cotton,Yes,280.8
14.6,3.9,Residential,Low,Municipal,Yes,Yes,No,2.4,11.2,13.1,None,Yes,230.9
18.7,3.1,Commercial,High,Municipal,Yes,Yes,No,1.9,14,10.9,None,Yes,422.5
17.1,0.7,Residential,High,Municipal,Yes,Yes,No,2.4,12,13.7,None,Yes,286.2
23.5,3.2,Residential,Medium,Municipal,Yes,Yes,No,4.7,18.5,14.6,None,Yes,444.6
10.1,3.1,Agricultural,Low,Borewell,Yes,Yes,Yes,7.4,4.3,4.9,Rice,Yes,308.8
17.4,2.8,Residential,High,Municipal,Yes,Yes,No,1.6,12.7,16.3,None,Yes,186.6
8.6,4.1,Agricultural,Medium,Borewell,Yes,Yes,Yes,8.3,6.8,5.7,Vegetables,Yes,412.9
23.5,3.2,Agricultural,High,Borewell,Yes,Yes,Yes,3.5,10.9,11.1,Millets,Yes,143
24.1,4.2,Agricultural,Low,Borewell,Yes,Yes,Yes,4.4,16.7,20,Groundnut,Yes,85.7
22.6,5,Commercial,Medium,Municipal,Yes,Yes,No,2.1,12.4,11.1,None,Yes,426.8
20.8,2.4,Agricultural,Medium,Canal,Yes,Yes,Yes,7.1,9.1,11.8,Maize,Yes,241.5
9.6,3,Agricultural,High,None,Yes,Yes,No,11.3,6.6,6.7,Groundnut,Yes,538.4
14.5,0.9,Commercial,Medium,Municipal,Yes,Yes,No,1,8,10.4,None,Yes,217.8
12.4,3.7,Residential,Medium,Municipal,Yes,Yes,No,4.1,6.5,6,None,Yes,449.7
10.7,1.9,Residential,Medium,Municipal,Yes,Yes,No,1.6,7,7.7,None,Yes,182
14.7,2.2,Agricultural,High,Canal,Yes,No,Yes,16.8,11.1,11.3,Groundnut,Yes,794.7
29.6,2.1,Agricultural,Low,Borewell,Yes,Yes,Yes,6.9,17.8,20.2,Cotton,Yes,117.6
7.8,3,Residential,Medium,Municipal,Yes,Yes,No,2.1,3.7,3.9,None,Yes,248
20.5,4.6,Commercial,High,Municipal,Yes,Yes,No,2.1,12.5,9,None,Yes,451.2
4,1.7,Agricultural,Medium,Canal,Yes,Yes,Yes,8.8,2.9,3.4,Millets,Yes,519.1
24.4,2.1,Agricultural,Medium,Borewell,Yes,Yes,Yes,6.6,17.8,21.8,Vegetables,Yes,213.9
27.4,1,Commercial,Medium,Municipal,Yes,Yes,No,1,15.3,12,None,Yes,205.7
10,4.5,Agricultural,Medium,Borewell,Yes,Yes,Yes,2.2,6.2,5.6,Maize,Yes,99.4
3.4,1.9,Residential,High,Borewell,Yes,Yes,No,2.3,2.4,3,None,Yes,303.7
11.8,4.2,Agricultural,Medium,Borewell,Yes,Yes,Yes,16.8,5.9,6,Vegetables,Yes,762
7,1.8,Commercial,Low,Municipal,Yes,No,No,0.5,3.9,3.7,None,Yes,106.3
3.2,2.4,Residential,Medium,Municipal,Yes,Yes,No,1.7,1.5,1.3,None,Yes,217.4
5.2,4.1,Agricultural,Low,Canal,Yes,Yes,Yes,16.6,3.1,3.9,Groundnut,Yes,723.2
13.7,0.2,Commercial,High,Municipal,Yes,Yes,No,0.6,9.6,7.3,None,Yes,139.2
25,2.1,Commercial,High,Municipal,Yes,Yes,No,1,13,11.5,None,Yes,215.7
27.3,3.7,Commercial,High,Municipal,Yes,Yes,No,1.3,10.9,9.7,None,Yes,271.4
21.3,1,Agricultural,Low,Canal,Yes,Yes,Yes,4.7,13.9,14.8,Vegetables,Yes,133.8
4.2,4.3,Agricultural,Medium,Borewell,Yes,Yes,Yes,8.9,2.2,2,Groundnut,Yes,499.4
9.1,2.5,Agricultural,Medium,None,Yes,Yes,No,15.1,5.6,7,Millets,Yes,600.9
18.3,3.2,Agricultural,Medium,Borewell,Yes,Yes,Yes,16.1,12.3,12.6,Millets,Yes,618.5
17.7,4.8,Commercial,Low,Municipal,Yes,Yes,No,1.8,13.1,12.3,None,Yes,365.2
28,3.2,Agricultural,High,Borewell,Yes,Yes,Yes,6.5,15.2,15.5,Millets,Yes,226.1
27,2.7,Agricultural,Medium,None,Yes,Yes,No,19.1,21.2,20.8,Cotton,Yes,275
18.7,3.1,Commercial,Low,Municipal,Yes,Yes,No,2.8,10.6,9,None,Yes,568.7
13.2,1.1,Agricultural,High,Borewell,Yes,Yes,Yes,15.6,9.2,8.1,Cotton,Yes,934.3
16.5,2,Residential,Medium,Municipal,Yes,Yes,No,1.6,12.1,9.5,None,Yes,167.7
6.9,1.9,Agricultural,Medium,Canal,Yes,Yes,Yes,2.8,2.8,2.8,Groundnut,Yes,154.2
19.8,4,Residential,Low,Municipal,Yes,Yes,No,1.7,12.6,11.7,None,Yes,155.1
5.3,4.1,Residential,Medium,Municipal,Yes,Yes,No,3.2,2.6,2.4,None,Yes,383.5
27.8,3.3,Commercial,High,Municipal,Yes,Yes,No,2.6,14.3,12,None,Yes,547
7.5,2.7,Commercial,Low,Municipal,Yes,Yes,No,2.3,5.5,4.7,None,Yes,502.6
17.8,2.4,Agricultural,Medium,None,Yes,Yes,No,13.4,12,9.3,Millets,Yes,373.3
6.9,4.5,Residential,High,Borewell,Yes,Yes,No,3.1,5.1,4.8,None,Yes,377.4
2.9,4.9,Agricultural,Low,Borewell,Yes,Yes,Yes,11.6,2.1,2,Rice,Yes,557.9
13.7,3.2,Agricultural,Medium,Borewell,Yes,Yes,Yes,17.7,7.4,5.8,Cotton,Yes,793.2
23.8,2.5,Residential,Medium,Municipal,Yes,Yes,No,0.9,11.5,9.7,None,Yes,85.4
26,4.7,Agricultural,High,Canal,Yes,Yes,Yes,6.4,16.1,17.7,Millets,Yes,196.8
21.5,1.8,Residential,Medium,Municipal,Yes,Yes,No,2.2,9.7,7.8,None,Yes,222.2
21.6,1,Agricultural,Medium,Canal,Yes,Yes,Yes,6.4,9.6,10,Maize,Yes,229.8
29.6,3.2,Commercial,Medium,Municipal,Yes,Yes,No,0.8,14.4,14.4,None,Yes,161.7
2.8,3.7,Agricultural,Medium,Borewell,Yes,Yes,Yes,3.3,2,2.1,Rice,Yes,199.2
22.1,0.9,Agricultural,Medium,Canal,Yes,Yes,Yes,10.6,13.8,14.6,Vegetables,Yes,370.5
13.1,2.5,Agricultural,Medium,None,Yes,Yes,No,11.5,8.1,7.9,Cotton,Yes,395.9
23.4,0.9,Agricultural,Medium,Borewell,Yes,Yes,Yes,11.8,16.7,16.2,Rice,Yes,423.8
9.4,4.7,Agricultural,Low,Borewell,Yes,Yes,Yes,5.2,5.5,5.3,Millets,Yes,209.5
19.2,2.3,Agricultural,High,Canal,Yes,Yes,Yes,14.6,13.1,13.2,Groundnut,Yes,673.3
6.9,2.6,Agricultural,Low,Borewell,Yes,Yes,Yes,3.5,5.1,5.3,Millets,Yes,165.9
15.6,4.5,Agricultural,High,Canal,Yes,Yes,Yes,18.3,11.1,13.1,Rice,Yes,851.1
27.1,4.6,Residential,High,Municipal,Yes,No,No,3.1,19.9,25.9,None,Yes,280.4
15.9,3.5,Residential,Medium,Municipal,Yes,Yes,No,1.9,11.7,14.5,None,Yes,196.8
11,3,Residential,Low,Borewell,Yes,Yes,No,3.7,8,10.1,None,Yes,370.3
2.6,3.4,Commercial,Low,Municipal,Yes,Yes,No,2.2,1.6,1.9,None,Yes,497.5
19.1,5,Residential,Medium,Borewell,Yes,No,No,1.6,11.1,10.1,None,Yes,141.8
17.4,1.7,Residential,High,Municipal,Yes,Yes,No,4.6,10.8,8,None,Yes,538.1
19.8,0.7,Residential,Low,Municipal,Yes,Yes,No,4,9.5,12.1,None,Yes,393.9
22.8,3.6,Agricultural,High,Borewell,Yes,Yes,Yes,3.9,14.4,15.4,Millets,Yes,156.6
3.1,0.4,Agricultural,High,Canal,Yes,Yes,Yes,16.2,1.5,1.8,Groundnut,Yes,1181.6
25.6,4.8,Agricultural,Medium,Borewell,Yes,Yes,Yes,2.1,15.8,14.5,Maize,Yes,48.7
4,0.7,Agricultural,Medium,Borewell,Yes,Yes,Yes,11.3,1.9,2.4,Cotton,Yes,721
19.3,3.1,Agricultural,Medium,None,Yes,Yes,No,18.8,15.3,16.2,Vegetables,Yes,453.9
26,4.8,Agricultural,High,Canal,Yes,Yes,Yes,3.7,15.1,12.3,Maize,Yes,117.9
15.9,3.5,Agricultural,Medium,None,Yes,Yes,No,12.8,8.5,6.1,Groundnut,Yes,363
15.1,3.8,Agricultural,Low,Borewell,Yes,Yes,Yes,13.8,9,8.1,Rice,Yes,462.2
14.6,3.1,Agricultural,Low,Borewell,Yes,No,Yes,3.5,7.5,6.5,Cotton,Yes,110.5
4.3,2.8,Agricultural,Medium,Borewell,Yes,Yes,Yes,6.8,2.5,2.5,Cotton,Yes,395.5
8.1,2.4,Residential,Medium,Borewell,Yes,Yes,No,3.3,5.2,6.3,None,Yes,380.1
24.8,1.6,Residential,High,Municipal,Yes,Yes,No,2.5,10,8.1,None,Yes,262.8
17.4,4.8,Agricultural,Low,None,Yes,Yes,No,10.4,8.5,8.9,Rice,Yes,158
21.4,4.7,Agricultural,High,Borewell,Yes,Yes,Yes,13.9,10.5,12.5,Maize,Yes,566.5
14.5,0.9,Residential,Medium,Municipal,Yes,Yes,No,4.4,7.2,6.1,None,Yes,500.7
2.6,4.5,Agricultural,High,None,Yes,Yes,No,12.6,1.8,1.3,Vegetables,Yes,681.7
26.6,1.9,Commercial,Low,Municipal,Yes,Yes,No,2.8,19.8,23.5,None,Yes,544
7.3,1.4,Agricultural,High,Borewell,Yes,Yes,Yes,15.5,4.5,5.2,Groundnut,Yes,1052
28.5,3.6,Agricultural,Medium,Canal,Yes,Yes,Yes,11.2,13.3,12,Rice,Yes,228.9
2.6,1.9,Agricultural,High,Borewell,Yes,Yes,Yes,10.4,2.1,1.7,Millets,Yes,760.3
22,2.8,Residential,Medium,Municipal,Yes,Yes,No,1.9,11.5,9.7,None,Yes,191
6.7,4.7,Agricultural,Low,None,Yes,Yes,No,5,3.5,4.1,Groundnut,Yes,151
9.5,0.3,Residential,High,Municipal,Yes,Yes,No,1.3,5.9,6,None,Yes,165.7
21.4,2.1,Agricultural,High,Borewell,Yes,No,Yes,6.3,13.3,13,Cotton,Yes,256.6
25.7,3.1,Residential,Medium,Municipal,Yes,Yes,No,2.2,17,12.6,None,Yes,198.5
4.8,2.7,Agricultural,High,Borewell,Yes,Yes,Yes,4.2,2.5,2.8,Groundnut,Yes,288.4
17.7,4.5,Residential,Low,Borewell,Yes,Yes,No,2.1,8.4,9.1,None,Yes,182.4
25.1,0.9,Agricultural,Low,Borewell,Yes,Yes,Yes,17,17.5,14.6,Millets,Yes,436
13.8,0.8,Residential,Low,Borewell,Yes,Yes,No,1.9,6.7,7.2,None,Yes,195.9
28.2,4.6,Residential,Low,Municipal,Yes,Yes,No,3.6,11.6,9.9,None,Yes,282.7
14.4,4.7,Agricultural,High,Borewell,Yes,Yes,Yes,15.5,11,11.3,Cotton,Yes,784.2
11.1,2.4,Agricultural,High,Borewell,Yes,Yes,Yes,15.2,6.7,7.4,Millets,Yes,919.6
4.8,3.1,Agricultural,Low,Borewell,Yes,Yes,Yes,14.6,3.8,4.6,Cotton,Yes,725.8
27.4,2.4,Agricultural,Medium,None,Yes,Yes,No,4.6,19.8,21.1,Cotton,Yes,70.5
3,4.1,Residential,Medium,Municipal,Yes,Yes,No,3.4,1.3,1.7,None,Yes,418.4
9.2,1.2,Residential,Low,Municipal,Yes,Yes,No,2.6,5.3,3.9,None,Yes,292.3
18.9,1.9,Residential,Medium,Municipal,Yes,Yes,No,1.4,10.7,13.9,None,Yes,147.8
12.9,0.8,Residential,High,Municipal,Yes,Yes,No,3.5,10.2,12.1,None,Yes,442.6
17,1,Commercial,Medium,Municipal,Yes,Yes,No,2.6,10.5,12.7,None,Yes,565.3
6.7,0.4,Agricultural,Medium,Canal,Yes,Yes,Yes,19,2.7,2.2,Cotton,Yes,1100.1
11.6,3.9,Agricultural,Low,Borewell,Yes,Yes,Yes,13.3,5.3,6,Maize,Yes,511.2
2.9,4,Commercial,Low,Municipal,Yes,Yes,No,2.3,1.9,2.1,None,Yes,517.5
13.3,3.3,Commercial,Medium,Municipal,Yes,Yes,No,1.5,6.7,7.9,None,Yes,327.1
3.4,1.1,Residential,Medium,Municipal,Yes,Yes,No,2.6,1.9,2.2,None,Yes,332.2
14.5,2.3,Residential,Medium,Municipal,Yes,No,No,2.3,11.5,13.6,None,Yes,244.9
25,4,Agricultural,High,Canal,Yes,Yes,Yes,14.8,13.6,12.4,Millets,Yes,510.1
26.2,0.8,Residential,Medium,Municipal,Yes,Yes,No,4.9,20.4,15.7,None,Yes,469.8
14.8,3.3,Residential,High,Municipal,Yes,Yes,No,3.6,11.1,11.2,None,Yes,424.5
18.4,1,Agricultural,Medium,Canal,Yes,Yes,Yes,11.8,13.6,13.3,Cotton,Yes,475.1
21.4,2.5,Agricultural,Medium,Canal,Yes,Yes,Yes,5.6,13.7,10.4,Cotton,Yes,180.8
14,2.8,Commercial,Low,Municipal,Yes,Yes,No,2.6,8,7.2,None,Yes,544.8
12.8,4.8,Agricultural,Low,Borewell,Yes,Yes,Yes,10.2,10.1,12.7,Rice,Yes,351.4
21.7,1.2,Agricultural,Medium,Borewell,Yes,Yes,Yes,14.7,13.3,10.1,Millets,Yes,562.4
14,3.9,Agricultural,Medium,Canal,Yes,No,Yes,19.6,6.9,6.2,Rice,Yes,681.1
8.5,1.9,Commercial,High,Municipal,Yes,Yes,No,0.9,4,3.5,None,Yes,219.6
22,0.5,Residential,Low,Municipal,Yes,Yes,No,0.9,9.5,7.5,None,Yes,86.5
19.2,3.6,Commercial,High,Municipal,Yes,Yes,No,0.5,15.2,17.5,None,Yes,106
11.4,5,Agricultural,Medium,None,Yes,Yes,No,19.1,7.5,5.8,Millets,Yes,597.2
14.8,4.6,Agricultural,Low,Canal,Yes,Yes,Yes,2.2,8.5,10.3,Cotton,Yes,66.5
18.9,0.8,Agricultural,High,Canal,Yes,Yes,Yes,4.7,10,11.4,Rice,Yes,231.9
4.6,2.5,Agricultural,Medium,Borewell,Yes,Yes,Yes,8.9,3,2.3,Groundnut,Yes,521.6
5.7,2.6,Agricultural,High,Canal,Yes,No,Yes,16.4,2.6,2.5,Groundnut,Yes,977.5
17,3.3,Residential,High,Municipal,Yes,Yes,No,2.9,11.4,10.1,None,Yes,327.1
6.4,2.2,Agricultural,Low,Borewell,Yes,Yes,Yes,9.6,4.6,5.9,Cotton,Yes,469.4
19.3,1,Agricultural,Medium,Borewell,Yes,No,Yes,11.1,11.1,13.5,Groundnut,Yes,408.8
11.2,2.7,Agricultural,Low,Borewell,Yes,Yes,Yes,3,7.9,5.7,Rice,Yes,125.7
5.3,0.7,Agricultural,Medium,Canal,Yes,Yes,Yes,13,4.1,4.4,Millets,Yes,768.4
17.5,2.9,Residential,High,Municipal,Yes,Yes,No,4.2,13.5,14.8,None,Yes,477.2
14.1,1.9,Commercial,Medium,Municipal,Yes,Yes,No,0.6,7.7,7,None,Yes,134.8
23.6,0.6,Agricultural,High,None,Yes,Yes,No,15.3,9.6,7.6,Maize,Yes,517.7
14.6,1.1,Commercial,Medium,Municipal,Yes,No,No,1.1,7,8.3,None,Yes,236.3
17.3,1.6,Agricultural,Medium,Canal,Yes,Yes,Yes,11.6,7,6,Rice,Yes,465.5
13.9,3.4,Agricultural,Medium,Canal,Yes,Yes,Yes,19.1,9,8.7,Vegetables,Yes,784
6.2,3.4,Agricultural,Low,Borewell,Yes,Yes,Yes,4.8,3.6,3.3,Rice,Yes,229.6
9.3,3,Agricultural,Low,Borewell,Yes,Yes,Yes,17.7,5.7,5.1,Vegetables,Yes,764.1
4,0.7,Commercial,Medium,Municipal,Yes,Yes,No,0.6,3.2,3.5,None,Yes,138.2
28.9,2.5,Commercial,Medium,Municipal,Yes,Yes,No,1.8,19.8,16.8,None,Yes,354.2
6.9,4.5,Agricultural,Medium,Borewell,Yes,Yes,Yes,5.3,3.1,3.6,Rice,Yes,269.8
11.5,4.1,Residential,High,Municipal,Yes,Yes,No,1,9.1,11.8,None,Yes,118.6
28.3,3.3,Agricultural,Medium,Canal,Yes,Yes,Yes,4.9,22.5,18.9,Millets,Yes,105.4
19.7,3.7,Agricultural,High,Canal,Yes,Yes,Yes,18.8,9.8,12.7,Vegetables,Yes,799.7
5.3,0.2,Agricultural,Medium,Canal,Yes,Yes,Yes,6.7,2.4,2.4,Cotton,Yes,398.8
19.8,1.2,Residential,Medium,Municipal,Yes,Yes,No,1.6,15.1,10.9,None,Yes,166.5
21.1,1.6,Agricultural,High,Canal,Yes,Yes,Yes,14.1,13.7,13.6,Millets,Yes,633.8
17.1,3.9,Residential,High,Municipal,Yes,Yes,No,1.4,10,10.2,None,Yes,157.8
28.3,1.9,Residential,Low,Municipal,Yes,Yes,No,2.2,21,21.8,None,Yes,187
25.9,2.2,Agricultural,High,Borewell,Yes,Yes,Yes,3.2,17.6,21.2,Groundnut,Yes,126.7
13.6,0.9,Agricultural,High,Borewell,Yes,Yes,Yes,7.7,5.8,4.3,Vegetables,Yes,459.3
21.3,4.3,Agricultural,Medium,None,Yes,Yes,No,15.5,16.7,17.1,Vegetables,Yes,292.7
11.7,4.6,Agricultural,Medium,Borewell,Yes,No,Yes,16.6,5.3,6,Maize,Yes,655.8
2.7,1.9,Residential,Medium,Municipal,Yes,Yes,No,4.5,2.2,1.6,None,Yes,569
17.3,2.7,Commercial,High,Municipal,Yes,Yes,No,0.8,10.5,11,None,Yes,175.3
12,1.5,Agricultural,Medium,Canal,Yes,Yes,Yes,3.6,6.8,7.9,Vegetables,Yes,176.4
23,1.6,Agricultural,Low,Borewell,Yes,Yes,Yes,9.6,16.3,17.6,Groundnut,Yes,257.5
3.7,2.2,Commercial,Medium,Municipal,Yes,Yes,No,1,1.8,1.7,None,Yes,233
20.1,4.8,Commercial,Medium,Municipal,Yes,Yes,No,2.5,10.7,10,None,Yes,512.5
14,4.4,Residential,High,Municipal,Yes,Yes,No,4.6,10,8.2,None,Yes,529.7
19.9,4.1,Residential,Low,Borewell,Yes,Yes,No,2.6,11.5,14.4,None,Yes,219.1
8.7,0.4,Residential,Low,Municipal,Yes,Yes,No,4.4,4.1,5.2,None,Yes,498.8
23.1,1.2,Residential,High,Municipal,Yes,Yes,No,2.1,10.5,8.5,None,Yes,226.2
18,0.3,Agricultural,Medium,None,Yes,Yes,No,13.6,14.3,16.4,Millets,Yes,440.2
9.9,2.4,Commercial,Low,Municipal,Yes,Yes,No,1.6,7.5,5.3,None,Yes,347.7
24.4,4.5,Agricultural,Low,Borewell,Yes,Yes,Yes,13.6,10.1,11.3,Cotton,Yes,253.6
24.5,2.8,Agricultural,Medium,Borewell,Yes,Yes,Yes,18.8,11.5,8.5,Millets,Yes,570.9
21.2,2.4,Agricultural,High,Canal,Yes,Yes,Yes,8.3,9.7,11.3,Millets,Yes,357.5
28,1,Agricultural,Medium,Canal,Yes,Yes,Yes,13.6,11.9,12.2,Vegetables,Yes,361.1
15.2,5,Agricultural,Medium,None,Yes,Yes,No,4.5,7.9,9.6,Groundnut,Yes,117
24.8,1.6,Agricultural,Low,Borewell,Yes,Yes,Yes,5.9,16,20.6,Vegetables,Yes,143.4
13.5,2.9,Agricultural,Medium,Borewell,Yes,Yes,Yes,2.8,5.8,4.9,Maize,Yes,125.1
27,2.3,Residential,Low,Borewell,Yes,Yes,No,3.5,18.9,23.5,None,Yes,285.1
3.5,0.9,Agricultural,Medium,Borewell,Yes,Yes,Yes,4.8,2.4,1.8,Rice,Yes,311.7
19.9,4.9,Commercial,Low,Municipal,Yes,Yes,No,0.6,8.2,7.4,None,Yes,117.8
17.6,4.7,Agricultural,Low,Borewell,Yes,Yes,Yes,5.7,12.5,14.2,Maize,Yes,158.9
9.7,3.5,Residential,High,Borewell,Yes,Yes,No,0.9,5.3,5.2,None,Yes,106.3
15.7,0.3,Residential,Medium,Municipal,Yes,No,No,2.8,8,8.5,None,Yes,300.7
19.9,4.3,Commercial,Medium,Municipal,Yes,Yes,No,2.1,14.6,15.1,None,Yes,433.3
15.9,4.1,Agricultural,Low,Canal,Yes,Yes,Yes,2.7,12.6,9.5,Vegetables,Yes,76.5
28.2,0.6,Residential,Low,Municipal,Yes,Yes,No,2.1,20.7,18.2,None,Yes,185.4
9.7,4.2,Agricultural,Medium,None,Yes,Yes,No,9.3,7.4,7.8,Millets,Yes,326.7
10.6,0.4,Residential,High,Borewell,Yes,Yes,No,4.1,7.4,5.4,None,Yes,511.9
22.6,1.2,Residential,Medium,Borewell,Yes,Yes,No,4,16.5,17.2,None,Yes,390.3
12.1,4,Commercial,Low,Municipal,Yes,No,No,2.3,5.2,6,None,Yes,475.6
27.8,3.9,Agricultural,Medium,Canal,Yes,Yes,Yes,13.6,19.4,13.6,Vegetables,Yes,275
10.4,0.5,Residential,Medium,Borewell,Yes,Yes,No,1.6,6.1,7.7,None,Yes,182.4
18.1,2.9,Agricultural,Medium,None,Yes,Yes,No,4.1,7.8,6.8,Rice,Yes,111.6
5.3,2,Agricultural,Medium,None,Yes,Yes,No,17.7,4,4.4,Maize,Yes,819.3
13.7,3.1,Commercial,High,Municipal,Yes,Yes,No,0.7,8.1,10.3,None,Yes,156.3
22.7,4.5,Agricultural,Low,None,Yes,Yes,No,17,12.1,10.6,Groundnut,Yes,142.8
24.3,4.5,Agricultural,High,None,Yes,Yes,No,14.1,11.3,9.7,Cotton,Yes,340.7
14.2,2.7,Commercial,High,Municipal,Yes,Yes,No,1.9,7,5.9,None,Yes,433.2
27.5,2.1,Residential,High,Borewell,Yes,Yes,No,4,18.1,18.4,None,Yes,389.9
14.6,2.2,Residential,High,Municipal,Yes,Yes,No,1.5,6.5,7.8,None,Yes,176.1
5.8,4.3,Residential,Low,Municipal,Yes,Yes,No,2.9,4,3.3,None,Yes,313.1
2.3,4.3,Agricultural,High,Borewell,Yes,Yes,Yes,17.9,1.2,1,Cotton,Yes,1225.4
10.2,0.7,Agricultural,High,Canal,Yes,Yes,Yes,4.2,6.5,6.2,Vegetables,Yes,265.6
24.1,3.3,Agricultural,Low,Borewell,Yes,Yes,Yes,13.4,12,11.8,Rice,Yes,291.9
24.9,2.9,Commercial,Low,Municipal,Yes,Yes,No,3,19.2,13.5,None,Yes,583.5
26.2,3.9,Residential,Medium,Municipal,Yes,Yes,No,1.7,20.8,18.9,None,Yes,156.5
18.7,2.9,Residential,Medium,Municipal,Yes,Yes,No,3.7,11.9,11.2,None,Yes,374.2
25.4,1.9,Agricultural,Low,Canal,Yes,Yes,Yes,13.7,17.8,17.8,Cotton,Yes,274.8
19.5,2.5,Commercial,Medium,Municipal,Yes,Yes,No,2.9,9.3,9.5,None,Yes,615.8
3.7,4.9,Agricultural,Medium,Borewell,Yes,Yes,Yes,6.6,2.1,2.2,Rice,Yes,360.8
14.6,4,Residential,Low,Municipal,Yes,Yes,No,2.8,11.5,11.4,None,Yes,269.2
22.8,3.9,Agricultural,Medium,Canal,Yes,Yes,Yes,13.9,12.2,10.9,Rice,Yes,378.7
21.1,4.5,Commercial,Medium,Municipal,Yes,Yes,No,0.6,10.2,9.3,None,Yes,127.1
22.9,1.3,Agricultural,High,Canal,Yes,Yes,Yes,7,15.7,15.4,Vegetables,Yes,300.1
9,0.8,Residential,Medium,Municipal,Yes,No,No,4.3,5.7,4.5,None,Yes,494.6
11.8,3.3,Agricultural,Medium,Borewell,Yes,Yes,Yes,4.2,7.3,8.2,Groundnut,Yes,200.6
12.4,3.8,Residential,Low,Municipal,Yes,Yes,No,4.4,8.4,7.8,None,Yes,450.4
9.9,1.8,Commercial,Low,Municipal,Yes,Yes,No,2,6.6,5.8,None,Yes,438.8
16,3,Residential,Medium,Municipal,Yes,Yes,No,2.4,11.9,10,None,Yes,255.8
17.1,1.2,Residential,Low,Borewell,Yes,Yes,No,4.8,8.9,6.3,None,Yes,466.4
5.2,0.8,Commercial,Medium,Municipal,Yes,Yes,No,2.5,3.9,3.3,None,Yes,590.2
16.6,3.6,Residential,Medium,Municipal,Yes,Yes,No,3.4,10.9,12.5,None,Yes,354.9
18,3,Agricultural,High,Borewell,Yes,Yes,Yes,2.4,10.9,13.7,Cotton,Yes,115.7
15.3,1.2,Agricultural,Low,Canal,Yes,Yes,Yes,16.1,10.6,13,Millets,Yes,576.1
8.7,3.8,Agricultural,High,None,Yes,Yes,No,18.1,4.6,5.3,Millets,Yes,855.7
27.9,4.3,Residential,Medium,Municipal,Yes,Yes,No,4.4,19.2,18.5,None,Yes,380.4
8.5,1.2,Agricultural,Low,Canal,Yes,Yes,Yes,6.6,4.3,4.1,Vegetables,Yes,304.5
6.6,5,Agricultural,Low,None,Yes,Yes,No,5.3,4.5,4.7,Cotton,Yes,154.1
18.7,2.9,Commercial,High,Municipal,Yes,Yes,No,2.4,8.9,10.6,None,Yes,529.7
17,1.3,Agricultural,Medium,Canal,Yes,Yes,Yes,4,11.9,12.5,Millets,Yes,167.5
13.7,4.8,Residential,Medium,Municipal,Yes,Yes,No,4,8.1,6.4,None,Yes,416.4
17.1,4.8,Residential,High,Municipal,Yes,Yes,No,1.1,7.8,6.6,None,Yes,126
12.3,3.2,Commercial,Low,Municipal,Yes,Yes,No,0.6,7.4,5.2,None,Yes,131
19.6,3.8,Agricultural,Medium,Borewell,Yes,Yes,Yes,16.5,13.9,16.3,Maize,Yes,582.5
5.8,1.3,Agricultural,High,Borewell,Yes,Yes,Yes,10.1,2.5,3.2,Rice,Yes,705.9
27.5,2.9,Agricultural,Medium,None,Yes,Yes,No,17.2,13.4,17.3,Rice,Yes,225.3
22,1,Agricultural,Low,Canal,Yes,Yes,Yes,10.4,15.6,17.4,Maize,Yes,285.5
27.6,2.7,Residential,High,Municipal,Yes,Yes,No,3.1,15.6,18.3,None,Yes,314.1
14.2,1.5,Agricultural,Medium,Canal,Yes,Yes,Yes,16.7,9,8.8,Rice,Yes,745.6
16.8,2.7,Agricultural,High,Borewell,Yes,Yes,Yes,15.5,10.5,8.4,Groundnut,Yes,796.8
24.7,4,Agricultural,High,Borewell,Yes,Yes,Yes,4.7,16.7,12.2,Maize,Yes,173.1
7.8,1.1,Residential,High,Municipal,Yes,Yes,No,4.7,5.6,6.1,None,Yes,616.4
11.6,1.3,Agricultural,Medium,Borewell,Yes,Yes,Yes,16.1,6.9,5.7,Maize,Yes,836.3
2.4,3.1,Agricultural,High,Canal,Yes,Yes,Yes,3.5,1.2,1.5,Groundnut,Yes,232.7
17.3,1.8,Agricultural,Low,None,Yes,Yes,No,6.9,10.7,8.4,Groundnut,Yes,149.3
18.9,0.5,Agricultural,Low,None,Yes,Yes,No,14.7,8.7,10.7,Vegetables,Yes,333.4
27.9,4.9,Residential,High,Borewell,Yes,Yes,No,1,11.4,13.5,None,Yes,91.7
20.8,0.5,Residential,Medium,Borewell,Yes,Yes,No,2.5,8.8,10.3,None,Yes,252.4
16.8,1.3,Agricultural,Medium,Borewell,Yes,Yes,Yes,8,7.9,8.3,Cotton,Yes,360.5
22.7,3.3,Residential,Medium,Municipal,Yes,Yes,No,4.9,17.4,21,None,Yes,472.6
11.1,2.2,Residential,Low,Borewell,Yes,No,No,2.4,6,6.5,None,Yes,236.7
19.1,4,Agricultural,Medium,Borewell,Yes,Yes,Yes,9.3,9,7.4,Groundnut,Yes,326.7
4.5,1.9,Agricultural,Medium,Canal,Yes,Yes,Yes,16.3,3,2.9,Groundnut,Yes,937.9
24,1.2,Agricultural,Medium,None,Yes,Yes,No,3.8,18.5,20.8,Groundnut,Yes,78.9
26.5,4.5,Agricultural,Low,Canal,Yes,Yes,Yes,15.9,19.8,25.3,Vegetables,Yes,202.6
15.2,1.3,Agricultural,Low,Borewell,Yes,Yes,Yes,10.5,9.9,8,Maize,Yes,412.8
17.4,3.6,Agricultural,Medium,Borewell,Yes,Yes,Yes,3.7,12.5,15.5,Vegetables,Yes,142
5.1,4.8,Agricultural,Medium,Borewell,Yes,Yes,Yes,14.2,3.7,4.3,Maize,Yes,753.8
15.4,4.7,Residential,High,Municipal,Yes,Yes,No,3,11.4,10.6,None,Yes,341.2
7,4.8,Agricultural,Medium,Canal,Yes,Yes,Yes,4.3,4.6,3.6,Cotton,Yes,206.7
18.1,2.1,Agricultural,Medium,Canal,Yes,No,Yes,18.5,8.2,9,Vegetables,Yes,613.7
30,0.3,Agricultural,Medium,Borewell,Yes,Yes,Yes,10,16.9,13.4,Maize,Yes,287.5
18.6,0.3,Agricultural,Medium,None,Yes,Yes,No,10.5,8.1,6.7,Groundnut,Yes,329.9
16.9,2.1,Agricultural,Medium,Borewell,Yes,Yes,Yes,9.5,10,12.5,Cotton,Yes,405.6
17.6,2.3,Commercial,High,Municipal,Yes,Yes,No,2.6,10.9,11.5,None,Yes,582.7
4.6,0.6,Agricultural,Medium,None,Yes,Yes,No,11,2.7,3.5,Millets,Yes,552.8
13.2,3.5,Residential,Medium,Municipal,Yes,Yes,No,1.5,8.5,6.6,None,Yes,158.8
23,3.3,Agricultural,High,Borewell,Yes,Yes,Yes,8.1,13.2,11.2,Maize,Yes,337.7
14.2,2.2,Agricultural,High,Borewell,Yes,Yes,Yes,5.1,6.8,7,Groundnut,Yes,291.3
3.3,3.8,Agricultural,High,Canal,Yes,Yes,Yes,14,2.1,2.5,Cotton,Yes,906.3
15.8,3.3,Agricultural,Medium,Borewell,Yes,No,Yes,14.1,9.1,7.1,Millets,Yes,516.6
23.4,0.3,Commercial,High,Municipal,Yes,Yes,No,2.5,16.9,15.8,None,Yes,556.1
15.4,3.5,Residential,Low,Municipal,Yes,Yes,No,4.1,11.2,11,None,Yes,398.1
24,1.8,Agricultural,High,None,Yes,Yes,No,10.7,16.8,16.2,Millets,Yes,325.1
14.5,4,Residential,Low,Municipal,Yes,Yes,No,2.9,7.5,5.7,None,Yes,281.8
13.9,4.5,Commercial,Medium,Municipal,Yes,Yes,No,1.8,5.7,6.8,None,Yes,392.7
25,0.9,Residential,High,Municipal,Yes,Yes,No,2.6,13.8,12.5,None,Yes,282.8
18.8,3.9,Agricultural,High,None,Yes,No,No,18.5,14.2,11.4,Rice,Yes,523.9
3.6,0.5,Agricultural,Medium,Borewell,Yes,No,Yes,16.8,2.5,3.2,Rice,Yes,1002.8
27.7,1.9,Residential,Medium,Municipal,Yes,Yes,No,5,19.2,22,None,Yes,462.9
3.5,1.5,Residential,High,Municipal,Yes,No,No,3.2,1.8,1.4,None,Yes,423.4
10.3,3.2,Residential,Medium,Borewell,Yes,Yes,No,3.7,6.7,8.4,None,Yes,410.2
7.5,0.8,Agricultural,Medium,Canal,Yes,No,Yes,11.2,5.6,6.4,Groundnut,Yes,566.2
25.5,3.5,Residential,Medium,Municipal,Yes,Yes,No,2.9,16.3,16.6,None,Yes,269.2
29.2,3.3,Agricultural,Medium,None,Yes,Yes,No,7.8,15.7,11.5,Rice,Yes,76.4
4.7,1.7,Commercial,Low,Municipal,Yes,Yes,No,1.5,2.4,2.6,None,Yes,344.1
8.7,2.5,Residential,Low,Municipal,Yes,Yes,No,4.9,6.6,5.3,None,Yes,536.9
9,1.1,Agricultural,Medium,Borewell,Yes,Yes,Yes,6,7,8.7,Maize,Yes,337
16.6,0.7,Residential,Medium,Borewell,Yes,Yes,No,3.4,8.7,9.6,None,Yes,360.1
25.2,4.8,Agricultural,Low,None,Yes,Yes,No,7.9,16.1,12.6,Cotton,Yes,62.4
20.9,3.7,Agricultural,Medium,Borewell,Yes,Yes,Yes,4,16.2,12.5,Groundnut,Yes,139.2
24.2,3.7,Commercial,High,Municipal,Yes,Yes,No,2.4,11.3,8.8,None,Yes,514.3
22.7,2.4,Agricultural,Medium,None,Yes,Yes,No,4.6,12.6,10.3,Vegetables,Yes,99.8
3.5,3.6,Agricultural,Medium,Canal,Yes,Yes,Yes,18.4,1.6,1.9,Vegetables,Yes,1019.4
19,1.4,Agricultural,Medium,Canal,Yes,Yes,Yes,16.5,9.7,7,Rice,Yes,627.6
23.5,1.8,Agricultural,Low,Borewell,Yes,Yes,Yes,3.2,10.7,10.3,Millets,Yes,79.3
17.4,3,Agricultural,Medium,Borewell,Yes,Yes,Yes,3.2,13.1,10.9,Groundnut,Yes,125.8
9.8,1.2,Commercial,Medium,Municipal,Yes,Yes,No,2.4,4.9,3.8,None,Yes,549.7
26.6,4.6,Commercial,High,Municipal,Yes,No,No,2.8,12.8,13.9,None,Yes,565.6
22.1,4.3,Agricultural,Low,Borewell,Yes,No,Yes,8.9,16.2,21,Maize,Yes,154.7
7.8,3.1,Commercial,Medium,Municipal,Yes,Yes,No,2.8,6,5.1,None,Yes,640.4
26.4,3.9,Agricultural,Medium,Canal,Yes,Yes,Yes,3.3,13.6,9.9,Rice,Yes,73.8
22.9,3.1,Agricultural,High,None,Yes,Yes,No,8.6,13.6,12.4,Cotton,Yes,248.3
2.8,1.3,Agricultural,Medium,Borewell,Yes,Yes,Yes,9.3,1.8,2.1,Cotton,Yes,594.5
29.9,1.7,Commercial,Medium,Municipal,Yes,Yes,No,0.9,13.7,12,None,Yes,178.4
27.6,3.9,Agricultural,High,Borewell,Yes,No,Yes,10.6,16.9,19.2,Vegetables,Yes,305.5
23,1.1,Agricultural,Medium,None,Yes,Yes,No,9.8,15.6,19.6,Cotton,Yes,234
4,1.1,Residential,High,Municipal,Yes,Yes,No,5,2.1,2.5,None,Yes,686
2.1,2.3,Residential,Medium,Municipal,Yes,Yes,No,3.4,1.6,1.3,None,Yes,427.8
28.2,0.2,Agricultural,Low,Borewell,Yes,Yes,Yes,19.5,19.3,21.8,Groundnut,Yes,453.8
26.6,1.9,Residential,Low,Municipal,Yes,Yes,No,3.7,14.9,14.6,None,Yes,317.4
16.6,3.7,Commercial,Medium,Municipal,Yes,Yes,No,0.7,12.3,10.1,None,Yes,150.3
24.7,3.5,Commercial,Medium,Municipal,Yes,Yes,No,2.7,15.8,11.7,None,Yes,545.4
15,2.8,Agricultural,High,Canal,Yes,No,Yes,4.2,11.3,10.9,Maize,Yes,190.7
5.3,2.7,Agricultural,Medium,Canal,Yes,No,Yes,12.7,4,3.7,Maize,Yes,635.2
8.7,3.2,Residential,High,Borewell,Yes,Yes,No,1.3,3.5,4.4,None,Yes,156.2
29.2,2.1,Agricultural,High,Canal,Yes,Yes,Yes,10.6,14.1,11.1,Millets,Yes,349
6.1,5,Residential,Medium,Municipal,Yes,Yes,No,3.9,2.8,3.2,None,Yes,445.4
19,0.3,Residential,High,Municipal,Yes,Yes,No,2.9,13.7,12.2,None,Yes,345
21.4,3,Agricultural,High,Canal,Yes,Yes,Yes,10.2,12.8,13.7,Rice,Yes,418.8
8.7,3.8,Residential,High,Municipal,Yes,Yes,No,3.5,6.3,5.2,None,Yes,438.5
8.1,1.6,Agricultural,Low,Borewell,Yes,Yes,Yes,6.6,4.3,3.7,Groundnut,Yes,317.8
12.5,2.6,Commercial,Low,Municipal,Yes,Yes,No,2.5,5.3,5,None,Yes,529.5
8.5,4.1,Agricultural,High,Borewell,Yes,Yes,Yes,16.8,6.7,5.7,Cotton,Yes,1005.2
8,1,Residential,Medium,Municipal,Yes,Yes,No,1.5,6,4.6,None,Yes,177.9
9.6,1.6,Agricultural,Medium,Canal,Yes,No,Yes,14.2,4.3,5,Vegetables,Yes,658.7
8.3,1.2,Agricultural,Medium,None,Yes,Yes,No,13.3,4,2.8,Rice,Yes,582
22.7,1.5,Residential,Medium,Municipal,Yes,Yes,No,2.1,14.7,17.7,None,Yes,210.9
8.9,1,Agricultural,Medium,Borewell,Yes,No,Yes,9.5,6.8,6.9,Millets,Yes,490.4
25.2,3.5,Residential,Medium,Borewell,Yes,Yes,No,3.4,10.3,10.6,None,Yes,294.6
26.9,0.4,Agricultural,Low,Borewell,Yes,No,Yes,9.2,18.5,23.9,Groundnut,Yes,183.7
24.2,4.8,Agricultural,High,Canal,Yes,Yes,Yes,5.3,15,17,Rice,Yes,182.5
20.2,4.3,Residential,Medium,Municipal,Yes,Yes,No,1.3,14.3,17.1,None,Yes,130.4
26.6,0.7,Commercial,Medium,Municipal,Yes,Yes,No,1.8,19.3,18,None,Yes,368.7
24.4,0.7,Residential,Low,Borewell,Yes,Yes,No,4.5,12.8,13.4,None,Yes,393.8
20.3,3.4,Commercial,Medium,Municipal,Yes,Yes,No,1.9,15.5,15.9,None,Yes,398
4.2,1.6,Commercial,High,Municipal,Yes,Yes,No,2.8,2.3,3,None,Yes,683
18.8,1,Residential,High,Municipal,Yes,Yes,No,4.4,11.2,11.6,None,Yes,510
22.5,0.7,Agricultural,Medium,Borewell,Yes,Yes,Yes,5.8,10.2,8.9,Maize,Yes,217
5.4,3.6,Agricultural,Low,Canal,Yes,Yes,Yes,2.8,2.8,2.1,Maize,Yes,128.9
5.3,3,Commercial,Medium,Municipal,Yes,Yes,No,1.5,3.4,2.8,None,Yes,345.1
2.3,2.5,Agricultural,Low,None,Yes,Yes,No,19.3,1.5,1.5,Maize,Yes,798.8
15.2,0.8,Agricultural,Medium,Canal,Yes,Yes,Yes,6.1,8.3,9.1,Vegetables,Yes,270
2.6,3.9,Agricultural,Medium,Borewell,Yes,No,Yes,5,2.1,2.6,Groundnut,Yes,270
12.3,1.8,Agricultural,Medium,None,Yes,Yes,No,18.4,8.5,7.5,Millets,Yes,675.9
17.6,2.7,Residential,Medium,Municipal,Yes,Yes,No,4.9,10.7,13.2,None,Yes,514.6
2.1,0.6,Agricultural,Low,Borewell,Yes,Yes,Yes,18.8,1,1.2,Maize,Yes,1108.2
17.8,2.2,Agricultural,Medium,Canal,Yes,No,Yes,17.7,8,5.8,Maize,Yes,591.2
13.5,2.8,Agricultural,High,Canal,Yes,Yes,Yes,2.6,5.6,4.5,Groundnut,Yes,141.6
8.1,3.1,Commercial,Medium,Municipal,Yes,Yes,No,1.4,5.1,6,None,Yes,312.9
8.4,4,Agricultural,Low,Borewell,Yes,Yes,Yes,17.1,5.3,6,Rice,Yes,728.8
23.4,4.8,Commercial,Low,Municipal,Yes,Yes,No,1.6,13.3,10.3,None,Yes,311.7
24.2,1.8,Agricultural,High,Canal,Yes,Yes,Yes,13.7,11.8,10.7,Vegetables,Yes,554.4
2.2,4.1,Residential,Low,Municipal,Yes,Yes,No,4.9,1.4,1.6,None,Yes,567
23.1,1.4,Commercial,Medium,Municipal,Yes,Yes,No,2.1,9.6,8,None,Yes,442.5
17.6,2.1,Agricultural,Medium,Borewell,Yes,Yes,Yes,8.4,13.6,10.4,Vegetables,Yes,353.6
7.1,2.1,Agricultural,High,None,Yes,Yes,No,14.7,3.2,2.7,Rice,Yes,788.5
9.1,4.2,Residential,Low,Municipal,Yes,Yes,No,2.9,4.6,5.8,None,Yes,307.5
18.2,3,Commercial,Medium,Municipal,Yes,Yes,No,2,9.2,9.5,None,Yes,426.8
13.6,2.7,Agricultural,Medium,Canal,Yes,Yes,Yes,13.3,5.7,4.3,Millets,Yes,576
6.2,3.1,Agricultural,Medium,Canal,Yes,Yes,Yes,14.4,2.9,2.5,Groundnut,Yes,755.8
2.8,2.7,Agricultural,High,None,Yes,Yes,No,3,1.6,1.5,Vegetables,Yes,174.9
28.8,1.1,Residential,High,Municipal,Yes,Yes,No,4.9,12.9,11.9,None,Yes,504.9
23.3,2.6,Residential,Medium,Municipal,Yes,No,No,0.9,14.1,12.1,None,Yes,82.8
8.5,3.8,Residential,Medium,Municipal,Yes,Yes,No,4.2,5.7,5.3,None,Yes,478.9
9.7,5,Residential,Medium,Municipal,Yes,Yes,No,2,4.8,4,None,Yes,224.8
18.4,4.4,Residential,High,Municipal,Yes,Yes,No,4.1,12.4,13,None,Yes,453.8
19.1,2.3,Commercial,Medium,Municipal,Yes,Yes,No,0.8,8.2,10.5,None,Yes,168.4
23.6,2.2,Residential,High,Municipal,Yes,Yes,No,3.5,13.8,17.5,None,Yes,379.9
29,4.5,Agricultural,Medium,Canal,Yes,Yes,Yes,3.9,17.3,16.3,Maize,Yes,66.9
21.5,1.2,Residential,High,Municipal,Yes,Yes,No,2.6,15.2,10.7,None,Yes,294.2
25.9,4.8,Commercial,Medium,Municipal,Yes,Yes,No,3,11.2,10.9,None,Yes,595.2
20.6,0.4,Residential,Medium,Municipal,Yes,Yes,No,4.7,10.9,12.9,None,Yes,496.7
19.4,1.3,Residential,Low,Municipal,Yes,Yes,No,2.9,15.4,16.8,None,Yes,277.3
23.1,0.7,Agricultural,Medium,None,Yes,Yes,No,14.8,10.9,10.6,Millets,Yes,354.4
29.1,1.7,Commercial,Low,Municipal,Yes,Yes,No,2.7,18.5,21.5,None,Yes,521.9
16.6,2.9,Agricultural,Medium,None,Yes,Yes,No,10,11.1,8.6,Groundnut,Yes,280.1
25.3,2.3,Agricultural,Medium,Borewell,Yes,Yes,Yes,18.2,17.5,18.3,Cotton,Yes,557.4
24.5,3,Residential,Low,Municipal,Yes,Yes,No,4.3,19.3,23.6,None,Yes,373.9
13,0.9,Agricultural,Medium,Borewell,Yes,Yes,Yes,12.1,7.3,7.7,Millets,Yes,619.9
5.3,4.3,Agricultural,High,Borewell,Yes,Yes,Yes,17.8,3.3,2.6,Maize,Yes,1146.1
6.3,0.8,Residential,Medium,Municipal,Yes,Yes,No,2.2,3.7,3.5,None,Yes,277.6
24.6,3.2,Agricultural,Medium,Borewell,Yes,Yes,Yes,11.9,15.1,10.7,Groundnut,Yes,349
10,0.5,Agricultural,Medium,Borewell,Yes,Yes,Yes,11.8,5.2,6.4,Millets,Yes,664.6
16.6,2,Agricultural,Medium,Canal,Yes,Yes,Yes,3.5,7.8,10.1,Maize,Yes,144.7
14.8,0.9,Agricultural,Medium,None,Yes,Yes,No,5.3,10.6,10.3,Vegetables,Yes,191.1
19,2.1,Agricultural,Medium,Canal,Yes,Yes,Yes,5.8,8.8,10.6,Millets,Yes,215.7
18.3,4.6,Agricultural,Medium,Canal,Yes,Yes,Yes,15.3,8.6,8.2,Rice,Yes,492
3.7,0.4,Residential,High,Municipal,Yes,Yes,No,3.5,1.8,1.3,None,Yes,490.9
9.8,4,Agricultural,Low,None,Yes,Yes,No,4.9,4,3.7,Maize,Yes,131.6
7,1.6,Residential,Low,Municipal,Yes,Yes,No,1.3,4.4,4.3,None,Yes,147.4
9.3,2.4,Residential,Medium,Municipal,Yes,Yes,No,3.5,5.3,5.3,None,Yes,403.7
19,4.4,Agricultural,High,Borewell,Yes,Yes,Yes,3.7,8.5,7.1,Maize,Yes,164.1
26.4,1,Commercial,High,Municipal,Yes,Yes,No,2.7,15.8,15.7,None,Yes,587.1
13.5,4.9,Residential,High,Municipal,Yes,Yes,No,4.9,10.5,11.5,None,Yes,565.1
29.3,1.4,Residential,Medium,Municipal,Yes,Yes,No,1.7,15.6,19,None,Yes,150.9
6.4,2.8,Agricultural,Medium,Borewell,Yes,No,Yes,11.6,3.5,4.4,Maize,Yes,590.2
22.8,4.2,Residential,Medium,Municipal,Yes,Yes,No,2.2,11.5,8.3,None,Yes,208.3
4.6,4.7,Agricultural,Low,Borewell,Yes,No,Yes,5.5,2.7,3.1,Groundnut,Yes,229.7
7.6,2.1,Agricultural,Medium,Canal,Yes,Yes,Yes,6.6,5.6,6.9,Rice,Yes,347.2
7.8,2.1,Residential,High,Borewell,Yes,Yes,No,2.3,5.4,5.9,None,Yes,289.6
19,4.3,Residential,High,Borewell,Yes,Yes,No,1.5,10.3,12.2,None,Yes,153
5.3,2.3,Residential,High,Municipal,Yes,Yes,No,4,2.6,2.5,None,Yes,525.7
22,3.2,Agricultural,Medium,Canal,Yes,Yes,Yes,5.4,9.5,9,Groundnut,Yes,160.1
21.8,3.8,Agricultural,Low,Canal,Yes,Yes,Yes,15.6,12.8,12.2,Vegetables,Yes,333.2
8.4,2.3,Residential,High,Municipal,Yes,Yes,No,2.8,6.5,7.2,None,Yes,363.1
14.4,3.1,Commercial,High,Municipal,Yes,Yes,No,1.1,7.2,8.5,None,Yes,247.9
23.1,4.2,Residential,High,Municipal,Yes,Yes,No,1.7,12.9,11,None,Yes,171.6
4.3,3.8,Residential,Medium,Borewell,Yes,Yes,No,5,2.4,2.4,None,Yes,582.3
11.5,3.8,Agricultural,Medium,Borewell,Yes,Yes,Yes,8.1,6.5,8,Groundnut,Yes,381.1
2.7,2.7,Agricultural,High,Canal,Yes,Yes,Yes,7.7,1.7,1.6,Vegetables,Yes,526.3
9.1,0.5,Commercial,Low,Municipal,Yes,Yes,No,0.7,3.7,3.4,None,Yes,155.5
17.1,0.7,Residential,High,Municipal,Yes,Yes,No,3,8.7,7.1,None,Yes,362.8
19.2,2.2,Residential,High,Municipal,Yes,No,No,2.6,8.1,8.5,None,Yes,285.7
8.8,2.6,Residential,Medium,Municipal,Yes,Yes,No,1.7,6.6,7.6,None,Yes,199.5
19.3,1.3,Agricultural,High,Borewell,Yes,Yes,Yes,17.9,12.4,14.8,Millets,Yes,910.3
25.5,2.2,Agricultural,Low,Borewell,Yes,Yes,Yes,17.8,13.3,12.2,Vegetables,Yes,397.8
24.4,4.8,Commercial,Medium,Municipal,Yes,Yes,No,0.8,17.2,15,None,Yes,156.9
3.6,1.2,Residential,Medium,Municipal,Yes,Yes,No,1.1,1.8,2.2,None,Yes,142.8
16.3,1.3,Agricultural,Medium,Borewell,Yes,Yes,Yes,9.4,11.9,12,Groundnut,Yes,425.3
26.5,2.9,Agricultural,High,Canal,Yes,Yes,Yes,4.3,15.5,15.1,Groundnut,Yes,148.4
28.5,3.1,Residential,High,Municipal,Yes,Yes,No,3.2,21.4,26.3,None,Yes,316.1
4.7,4.6,Agricultural,High,Canal,Yes,Yes,Yes,5.7,2.5,2.5,Groundnut,Yes,345.1
10.8,0.5,Agricultural,High,None,Yes,Yes,No,7.9,8.6,9.8,Cotton,Yes,406.8
24,1.9,Residential,Medium,Municipal,Yes,No,No,2.8,9.8,9.1,None,Yes,259.4
16.5,1.5,Agricultural,Medium,Borewell,Yes,Yes,Yes,11.4,10.4,9.3,Cotton,Yes,512.1
18.7,3.1,Residential,Low,Borewell,Yes,No,No,4.2,10,8.3,None,Yes,362
2.2,3.2,Agricultural,Medium,Borewell,Yes,Yes,Yes,14.5,1.5,1.3,Rice,Yes,879.6
14.9,3.9,Agricultural,Low,Canal,Yes,Yes,Yes,12.2,10.6,12.2,Groundnut,Yes,371.3
6.9,3.3,Agricultural,Low,None,Yes,No,No,13.9,3.5,2.7,Rice,Yes,390.4
25.9,3.8,Agricultural,Low,None,Yes,Yes,No,4.6,16.1,11.6,Rice,Yes,39.6
20.5,3.7,Commercial,High,Municipal,Yes,Yes,No,1.2,12.5,14.8,None,Yes,265.3
7.4,3.1,Commercial,High,Municipal,Yes,Yes,No,2.7,3.7,3.6,None,Yes,643.5
12.4,3.4,Agricultural,Medium,Borewell,Yes,Yes,Yes,9.8,7.3,9.4,Groundnut,Yes,450.9
26.1,4.9,Agricultural,High,Canal,Yes,No,Yes,13.3,19,15.2,Rice,Yes,340
10.6,4.2,Residential,High,Municipal,Yes,Yes,No,4.4,7.1,5.7,None,Yes,527.1
28.8,1.6,Agricultural,Medium,Canal,Yes,No,Yes,13.7,19.1,17,Maize,Yes,262.7
21.8,4.2,Commercial,Medium,Municipal,Yes,Yes,No,0.8,14.1,11.8,None,Yes,163.4
17.4,3.6,Residential,High,Municipal,Yes,Yes,No,1.7,10.6,10.5,None,Yes,188.1
9.7,4.3,Agricultural,Low,Canal,Yes,Yes,Yes,6.7,6.8,5.9,Groundnut,Yes,242.8
18.7,1,Commercial,Medium,Municipal,Yes,Yes,No,1.4,11.1,12.9,None,Yes,301.9
28.4,0.4,Agricultural,High,Canal,Yes,Yes,Yes,7.9,13.6,17.5,Groundnut,Yes,297.8
11.9,4.2,Commercial,Medium,Municipal,Yes,Yes,No,1.5,6.5,8.1,None,Yes,331.7
16.6,1.1,Agricultural,Low,Canal,Yes,No,Yes,18.5,9.5,12,Rice,Yes,546.9
8.9,3.7,Commercial,High,Municipal,Yes,No,No,2.1,4.9,6,None,Yes,481.5
7.7,1.1,Residential,Low,Municipal,Yes,Yes,No,3.9,4.6,5.8,None,Yes,443.1
98.3,18.4,Agricultural,High,Borewell,No,No,Yes,8.5,71.9,52.9,Groundnut,Yes,67.1
75.3,9.6,Agricultural,High,None,No,Yes,No,19.6,40.5,39.6,Groundnut,Yes,158
74.9,18.6,Agricultural,High,Borewell,No,Yes,Yes,19.6,55,41.8,Rice,Yes,158
72.1,15.2,Agricultural,Medium,Canal,No,Yes,Yes,12.9,45.5,43.4,Maize,Yes,102.8
78.9,12.6,Agricultural,Medium,Canal,Yes,Yes,Yes,2.5,46.9,34.5,Cotton,Yes,15.3
80.3,11.6,Agricultural,High,Canal,No,Yes,Yes,17.4,49.6,60.9,Vegetables,Yes,134.9
96.5,9.1,Agricultural,High,Borewell,Yes,Yes,Yes,10.1,55.9,63.1,Groundnut,Yes,78.5
87.3,19.9,Agricultural,Medium,Borewell,No,No,Yes,8.6,62.4,69.1,Groundnut,Yes,71.8
83.8,14.9,Agricultural,High,Canal,No,No,Yes,3.6,65.8,69.3,Groundnut,Yes,30.6
96.4,16,Agricultural,Medium,Canal,No,Yes,Yes,17.7,55,44.2,Groundnut,Yes,142.1
77.8,9.2,Residential,Medium,Borewell,Yes,No,No,1.8,49.6,61.6,None,Yes,17.9
97.1,10.9,Agricultural,High,None,No,Yes,No,3.7,65.9,50.3,Millets,Yes,27.9
86.9,9.7,Agricultural,Low,None,No,Yes,No,19.8,38,31.7,Maize,Yes,162.6
79.8,10.7,Agricultural,Low,Canal,No,Yes,Yes,11,49.9,64.1,Cotton,Yes,89.1
72.3,14.3,Agricultural,Medium,Canal,Yes,Yes,Yes,13.7,54.4,47.1,Cotton,Yes,105.8
74.7,11.5,Agricultural,High,Borewell,Yes,No,Yes,18.5,51.6,50.9,Vegetables,Yes,146
89.8,9.4,Agricultural,Low,Canal,No,Yes,Yes,12.7,41.8,32.1,Groundnut,Yes,96.7
81.5,12.4,Agricultural,High,None,No,Yes,No,3.7,32.9,36.3,Groundnut,Yes,25.4
73.3,8.6,Agricultural,Low,Borewell,No,Yes,Yes,3.5,50.7,51.8,Groundnut,Yes,32
94.7,16.7,Agricultural,Medium,Borewell,No,Yes,Yes,4.4,46.9,42.8,Groundnut,Yes,37.5
89.2,19.5,Agricultural,High,None,No,Yes,No,10.4,66.7,51.4,Millets,Yes,83.3
87.4,13.1,Agricultural,Medium,Canal,No,Yes,Yes,18.3,42.7,43.1,Rice,Yes,147.3
78.5,9.1,Agricultural,Low,Borewell,No,Yes,Yes,6,53.5,59.8,Rice,Yes,52.8
84.3,11.7,Agricultural,Low,Canal,No,Yes,Yes,6.9,42.9,53.8,Groundnut,Yes,57.9
74.6,19.8,Agricultural,Low,Borewell,No,Yes,Yes,4.3,31.1,38.2,Cotton,Yes,35.7
83.2,11.9,Agricultural,Low,Borewell,No,Yes,Yes,4.8,60,59,Millets,Yes,36.1
95.1,15.8,Agricultural,Medium,None,No,Yes,No,19.2,45.8,41.2,Maize,Yes,153
70.1,12.5,Agricultural,Low,Canal,No,Yes,Yes,2.7,45.8,54.5,Rice,Yes,25.5
95,9.8,Agricultural,Low,Canal,No,Yes,Yes,10.8,46.6,55.7,Millets,Yes,83.6
73.7,15.6,Residential,Medium,Municipal,No,Yes,No,4.5,45.3,50.4,None,Yes,38.7
95.9,19.6,Agricultural,Medium,Borewell,No,Yes,Yes,10.2,71.7,93.2,Maize,Yes,81.7
77.5,13.1,Agricultural,Low,Canal,No,Yes,Yes,17.9,51.3,44.3,Maize,Yes,145.6
94.4,13.3,Agricultural,High,Canal,No,Yes,Yes,4.4,44.8,44,Rice,Yes,31
99.1,14.5,Agricultural,Medium,Borewell,Yes,Yes,Yes,10,42.9,34.5,Vegetables,Yes,84.2
73.7,17.8,Agricultural,High,Canal,No,Yes,Yes,7,48.3,35.9,Rice,Yes,55.1
87.4,14.8,Agricultural,Medium,Canal,No,Yes,Yes,4.6,66.6,79.3,Maize,Yes,40.4
88.6,11.5,Agricultural,Medium,Canal,No,Yes,Yes,16.3,47.3,48,Vegetables,Yes,126.7
80.9,13.1,Agricultural,High,None,No,Yes,No,4.5,50.6,64.2,Rice,Yes,35.4
87.7,10.3,Agricultural,Low,Borewell,No,Yes,Yes,7.7,57.4,56.2,Vegetables,Yes,57.4
95.3,10.2,Commercial,Medium,Municipal,No,Yes,No,2.3,72.5,81.9,None,Yes,206.3
96.8,8.9,Residential,Medium,Municipal,No,Yes,No,2.9,68.7,49.5,None,Yes,21.1
91.1,12.4,Agricultural,Low,Canal,No,Yes,Yes,3,48.9,52.4,Cotton,Yes,25.7
82.6,18.2,Agricultural,Low,None,No,Yes,No,5,41.7,42.6,Vegetables,Yes,43.5
78.6,17.9,Agricultural,Medium,Canal,No,Yes,Yes,7.4,45.9,54.9,Rice,Yes,62.7
84,15.4,Agricultural,Medium,Canal,No,Yes,Yes,16.3,53.3,59.8,Vegetables,Yes,132.1
93.1,15.8,Agricultural,High,Canal,No,Yes,Yes,18,56.5,68.4,Cotton,Yes,144.5
82.6,15.3,Agricultural,Low,None,Yes,Yes,No,3.2,50.2,35.6,Cotton,Yes,26.8
95.1,15.6,Agricultural,High,None,No,Yes,No,4.4,76,64.2,Maize,Yes,38.7
82.2,9.8,Agricultural,Medium,Borewell,No,Yes,Yes,9.5,53.2,60.4,Maize,Yes,78.8
99.5,19.7,Agricultural,Medium,None,No,Yes,No,16.7,65.8,79.2,Groundnut,Yes,133.2
99.4,9.4,Agricultural,Low,None,No,Yes,No,5.7,67,57.2,Rice,Yes,47.3
87.6,11.5,Agricultural,Low,Borewell,Yes,Yes,Yes,17.7,55.3,42.4,Maize,Yes,145
93,11.6,Agricultural,Medium,Canal,No,Yes,Yes,18.5,50,54.3,Groundnut,Yes,145.4
82.8,10.5,Agricultural,High,None,No,Yes,No,17.2,55.3,68.8,Vegetables,Yes,140.1
94.9,13.9,Agricultural,Medium,Canal,No,Yes,Yes,19.5,39.5,50,Vegetables,Yes,151.5
75.3,8,Agricultural,Low,Canal,No,Yes,Yes,14.9,30.1,27.2,Rice,Yes,115.6
72.2,19,Agricultural,High,Canal,No,Yes,Yes,17.6,56.3,41.4,Rice,Yes,141
77.1,18.4,Agricultural,Medium,Canal,Yes,No,Yes,14.7,54.8,45.6,Cotton,Yes,116
82.4,13.1,Agricultural,Medium,Borewell,No,Yes,Yes,17.1,34.1,42.5,Millets,Yes,135.1
80.6,19.8,Agricultural,Medium,Borewell,No,Yes,Yes,13.7,61.3,49,Maize,Yes,108.4
99.1,12.3,Agricultural,High,Borewell,No,Yes,Yes,12.2,62.9,51.9,Maize,Yes,97.9
70.2,16.4,Agricultural,High,Borewell,No,Yes,Yes,17.7,55.1,59.2,Vegetables,Yes,145.5
96.8,8,Agricultural,Low,None,No,Yes,No,16.4,44.7,36.6,Vegetables,Yes,131
87.2,20,Agricultural,Medium,Canal,No,Yes,Yes,5.4,64.6,78.8,Cotton,Yes,48
82.2,13.1,Agricultural,Medium,None,No,Yes,No,13.7,63.6,61.6,Rice,Yes,105.7
87.2,14.8,Agricultural,Low,None,No,Yes,No,19.9,45.8,42.8,Millets,Yes,159.8
91.9,14.9,Agricultural,High,Canal,No,Yes,Yes,19.2,53.2,42.8,Cotton,Yes,157
85.7,17.6,Agricultural,Medium,None,Yes,Yes,No,5.9,42.6,33,Vegetables,Yes,47.7
91.7,15.7,Agricultural,High,Borewell,No,No,Yes,5.3,45.2,51.6,Groundnut,Yes,40.8
94.1,11.9,Agricultural,Medium,Canal,Yes,Yes,Yes,18.3,48.5,62,Rice,Yes,143.1
70.8,9.3,Agricultural,Medium,Borewell,No,Yes,Yes,16,40.1,42.9,Groundnut,Yes,126.9
84.3,16,Agricultural,High,Borewell,No,Yes,Yes,15,45.6,32.1,Groundnut,Yes,121.1
87.9,8.7,Agricultural,High,None,Yes,Yes,No,5.3,52.4,65.8,Cotton,Yes,44.7
94,19.8,Agricultural,Low,Canal,No,No,Yes,11.9,73.5,59.1,Maize,Yes,97.9
96.2,19.5,Agricultural,Medium,Canal,No,Yes,Yes,17,67.6,73.3,Cotton,Yes,136.6
83.9,16.5,Agricultural,Low,Canal,No,Yes,Yes,5.6,44,51.7,Vegetables,Yes,49.4
78.1,12.5,Agricultural,High,Canal,Yes,Yes,Yes,6.5,31.6,33.3,Cotton,Yes,54.3
95.1,15.1,Agricultural,Medium,None,Yes,Yes,No,14.6,42.1,44.6,Maize,Yes,117
94.3,11.4,Agricultural,Low,Canal,No,Yes,Yes,15.9,61.7,64.6,Maize,Yes,130.1
91.9,16.7,Agricultural,Medium,Borewell,Yes,Yes,Yes,10.2,45.9,40.6,Groundnut,Yes,84.7
79.1,18.6,Agricultural,Low,None,No,Yes,No,5.6,47.6,46.4,Millets,Yes,46.8
75.2,18.5,Agricultural,Medium,None,Yes,Yes,No,5,50.8,58.6,Cotton,Yes,37
85.3,11.9,Agricultural,Medium,None,No,Yes,No,8.1,61,78.3,Groundnut,Yes,67.8
73.5,9.2,Agricultural,High,None,No,Yes,No,6.1,47.7,46.6,Groundnut,Yes,49.7
71,16.8,Agricultural,High,Borewell,No,Yes,Yes,9.3,37,28.4,Maize,Yes,76.3
96.2,15,Agricultural,High,Borewell,Yes,No,Yes,15.5,42.2,54.3,Maize,Yes,124.9
75.7,9.2,Agricultural,Medium,Borewell,No,Yes,Yes,4.9,42.2,45.7,Cotton,Yes,34.5
86.6,18.1,Agricultural,Medium,Borewell,No,Yes,Yes,16.2,63.7,52.9,Vegetables,Yes,129.8
83.5,18.5,Agricultural,Medium,Borewell,Yes,Yes,Yes,9.9,60.7,60.4,Maize,Yes,78.8
82.5,19.6,Agricultural,High,Borewell,No,Yes,Yes,13.3,58.4,43.9,Maize,Yes,107.8
81.6,16.2,Agricultural,Low,Borewell,No,Yes,Yes,14.4,34,37.5,Vegetables,Yes,112.4
77.2,10.8,Agricultural,Low,None,No,Yes,No,11.5,51.7,37.6,Vegetables,Yes,88.6
81.3,18.5,Agricultural,Low,None,No,Yes,No,16.6,51.6,42.5,Cotton,Yes,128
82.6,15.7,Agricultural,Medium,Canal,No,Yes,Yes,16.7,54.9,46.9,Maize,Yes,129.4
94.5,9,Agricultural,Medium,Borewell,No,Yes,Yes,13.4,68.3,84.8,Groundnut,Yes,105.2
75.5,10.5,Agricultural,High,Borewell,No,Yes,Yes,6.1,39.9,32,Rice,Yes,53.6
79.3,9.7,Agricultural,Medium,Borewell,No,Yes,Yes,3.5,62.7,56.2,Millets,Yes,25.2
86.3,14.2,Agricultural,High,Canal,No,Yes,Yes,17.3,43.3,38.2,Rice,Yes,141.3
86.2,14,Agricultural,Low,Borewell,No,Yes,Yes,12,62.8,49.3,Groundnut,Yes,95.8
75.1,9.8,Agricultural,High,None,Yes,Yes,No,2.1,42.5,32.6,Cotton,Yes,15
90.3,18.1,Agricultural,Medium,None,Yes,Yes,No,15.1,38.1,37.3,Cotton,Yes,120.1
78.4,16.6,Agricultural,Low,Borewell,No,No,Yes,3.2,58.1,41.2,Cotton,Yes,30
78.6,16.6,Agricultural,Low,Canal,No,Yes,Yes,12,61.1,70.8,Rice,Yes,101
89.6,17.2,Agricultural,High,None,No,Yes,No,14,69.2,50.3,Rice,Yes,116.5
79.9,18.7,Agricultural,High,None,No,Yes,No,10.9,46.8,38,Vegetables,Yes,88.3
95.5,9.3,Agricultural,Medium,None,Yes,Yes,No,12.7,68.8,53.7,Groundnut,Yes,103.8
97.6,14,Agricultural,Medium,Borewell,No,Yes,Yes,14.6,59.6,53.6,Millets,Yes,115.9
84.6,15.2,Agricultural,Low,Canal,No,Yes,Yes,3.6,65.6,48,Groundnut,Yes,29.4
88.3,15.2,Agricultural,High,Canal,Yes,Yes,Yes,17.8,45.5,44.3,Rice,Yes,144.7
70.2,18.5,Agricultural,Medium,None,Yes,No,No,15.8,39.5,46,Millets,Yes,121.6
78.7,14.2,Agricultural,High,Borewell,No,Yes,Yes,5.6,53.3,66,Maize,Yes,47.1
70.3,14.1,Agricultural,High,Borewell,No,Yes,Yes,8.6,50.9,59.7,Maize,Yes,67.8
77.2,8.3,Agricultural,Medium,Canal,Yes,Yes,Yes,2.3,44.8,48.4,Vegetables,Yes,18.3
96.3,17.7,Agricultural,High,None,No,Yes,No,6.1,73,75,Millets,Yes,47.1
100,9.1,Agricultural,Medium,None,Yes,No,No,12.8,77.2,87.7,Maize,Yes,101.2
98.2,13.4,Agricultural,High,Canal,No,Yes,Yes,18.5,76,93.4,Rice,Yes,152.4
98.5,8.3,Agricultural,Low,Canal,Yes,Yes,Yes,13.7,68,81.1,Groundnut,Yes,108.8
73.4,8.6,Agricultural,Low,Canal,No,Yes,Yes,8.1,57,65.4,Cotton,Yes,62.7
94.7,11.9,Agricultural,Medium,None,No,Yes,No,16.2,57.8,64.4,Millets,Yes,129.2
76.1,16.9,Agricultural,Medium,Borewell,No,Yes,Yes,15.3,54.2,55,Millets,Yes,122.8
81.4,17.8,Agricultural,High,Canal,No,Yes,Yes,17,51,61.3,Millets,Yes,136.4
92.7,16.6,Agricultural,High,Canal,Yes,Yes,Yes,16.6,57.2,60.4,Rice,Yes,137.5
73.3,18.8,Agricultural,Low,Borewell,No,Yes,Yes,15.1,45.3,41.3,Groundnut,Yes,120.4
95.7,17.2,Agricultural,High,Canal,No,Yes,Yes,15,56.4,58.9,Maize,Yes,118.1
98.5,11.3,Residential,Medium,Municipal,Yes,Yes,No,4.6,40.7,30.5,None,Yes,32.9
80.7,17.5,Commercial,High,Municipal,No,Yes,No,2.5,59,67.7,None,Yes,255.6
89.1,10.7,Agricultural,Medium,Canal,No,Yes,Yes,12.6,48.7,50.6,Maize,Yes,100.1
70.6,12.9,Residential,Low,Municipal,No,Yes,No,4.6,42.7,43.2,None,Yes,41.7
93.9,17.4,Agricultural,High,Canal,Yes,Yes,Yes,7.3,48.6,34.2,Groundnut,Yes,57.6
83.8,9,Agricultural,High,Borewell,No,Yes,Yes,7.7,39.4,36.2,Vegetables,Yes,65.3
71,11.1,Agricultural,High,Canal,Yes,Yes,Yes,11.9,45.6,32,Maize,Yes,90.5
93.9,15.2,Residential,High,Municipal,No,No,No,0.9,54,45.1,None,Yes,15
98.9,17.4,Agricultural,High,Canal,No,Yes,Yes,2.2,46.4,36.2,Vegetables,Yes,17.5
99.3,9.7,Agricultural,Medium,Canal,No,Yes,Yes,18.7,66.2,57.3,Cotton,Yes,150.5
95.4,17.7,Agricultural,Low,Borewell,No,Yes,Yes,2.4,42.6,37.9,Millets,Yes,22.2
88.8,18.9,Agricultural,Low,Canal,No,Yes,Yes,17.4,54.9,52,Millets,Yes,134.7
73.8,12.7,Agricultural,High,Borewell,No,Yes,Yes,6.3,54.8,68.8,Groundnut,Yes,48
90.5,17.4,Agricultural,Medium,Canal,No,Yes,Yes,6.7,62,69.5,Maize,Yes,50.4
77.8,19.2,Agricultural,High,Canal,No,No,Yes,15.4,51.8,51.8,Rice,Yes,124
77.9,12,Agricultural,Low,Canal,Yes,Yes,Yes,6.5,58.5,57.3,Rice,Yes,49.7
85.1,12.4,Agricultural,Medium,Borewell,No,Yes,Yes,5.5,50.3,37.8,Millets,Yes,39.1
87.5,16.5,Agricultural,Medium,Borewell,No,Yes,Yes,9.1,46.6,39,Rice,Yes,71.6
96.6,11.2,Agricultural,Low,Borewell,No,Yes,Yes,17.2,55.7,65,Cotton,Yes,141.1
83.1,13.9,Residential,High,Municipal,Yes,Yes,No,4.9,46,32.3,None,Yes,36
93.5,19.8,Agricultural,Low,Borewell,No,Yes,Yes,12.2,55.5,69.9,Rice,Yes,99
97.7,10.6,Agricultural,High,Canal,No,Yes,Yes,13.7,70.2,57.3,Cotton,Yes,111.9
94.9,11.2,Agricultural,Low,Borewell,No,Yes,Yes,6.9,62.9,58.2,Cotton,Yes,54.4
83.1,9.8,Agricultural,High,Canal,Yes,Yes,Yes,12,65.2,47.9,Groundnut,Yes,96.3
79,9.6,Agricultural,Medium,None,No,Yes,No,9.7,60.4,55,Cotton,Yes,74
97.4,16.3,Agricultural,High,None,No,Yes,No,12.1,67,78.4,Maize,Yes,97.9
95.1,15.3,Agricultural,High,Canal,No,No,Yes,9,66.4,85.4,Millets,Yes,74.5
73.9,8.5,Agricultural,Low,Canal,No,Yes,Yes,12.4,32.3,33.7,Maize,Yes,99.4
71.7,11,Agricultural,High,Borewell,Yes,Yes,Yes,16,40,39.1,Vegetables,Yes,128.4
78.2,9.1,Agricultural,Medium,None,No,Yes,No,4.1,41.4,33.6,Cotton,Yes,29.6
93.9,11.7,Agricultural,High,None,No,Yes,No,12.3,46.2,33.9,Maize,Yes,102.4
93.3,10.9,Agricultural,Medium,Borewell,No,Yes,Yes,15.1,64.4,66.6,Cotton,Yes,121.7
76.8,12.1,Agricultural,Medium,Canal,No,Yes,Yes,10.6,51.6,45.8,Maize,Yes,86.4
72.9,18,Agricultural,High,Borewell,No,Yes,Yes,14.6,49.4,44.5,Millets,Yes,115.6
98,18.7,Agricultural,High,Borewell,No,Yes,Yes,12.9,71.7,73.5,Rice,Yes,99
96.7,11.3,Residential,Medium,Municipal,No,Yes,No,2.5,75.8,84.6,None,Yes,19.5
90.4,10.5,Agricultural,Low,Borewell,No,Yes,Yes,10.2,51.2,40.3,Millets,Yes,83.2
95.8,11.1,Agricultural,Low,Canal,No,No,Yes,2.1,73,63.9,Groundnut,Yes,15
73,11.9,Agricultural,Medium,Borewell,Yes,Yes,Yes,18.6,52.4,54.4,Millets,Yes,148.3
91.9,10,Agricultural,Medium,Borewell,No,Yes,Yes,18.3,56.3,49.6,Vegetables,Yes,141.8
92.6,9.1,Agricultural,High,None,No,Yes,No,19.4,66.1,55.3,Millets,Yes,153
72.9,16.6,Agricultural,High,Borewell,No,Yes,Yes,8,41.1,32.6,Cotton,Yes,66.2
93.6,19,Agricultural,Medium,Borewell,No,Yes,Yes,17.5,39.1,33.3,Vegetables,Yes,140.8
97.2,12.1,Agricultural,Medium,Borewell,No,Yes,Yes,11,68.8,63.1,Vegetables,Yes,88.5
94.6,11.5,Agricultural,Medium,Canal,No,Yes,Yes,4.5,74.9,82.8,Maize,Yes,35.5
78.9,11.4,Agricultural,Medium,Borewell,No,Yes,Yes,19.8,38.3,30.4,Vegetables,Yes,154.3
79.5,18.7,Agricultural,High,Borewell,No,Yes,Yes,7.1,55.6,52.7,Rice,Yes,58.9
74.8,10.6,Agricultural,High,Canal,No,Yes,Yes,2.7,52.4,40.7,Maize,Yes,26
73.2,16.4,Agricultural,Medium,None,No,Yes,No,17.8,29.4,21.4,Groundnut,Yes,146.9
97.2,14,Agricultural,High,Borewell,No,Yes,Yes,6,67.3,86.2,Rice,Yes,48.5
86.3,12,Agricultural,Medium,Canal,No,Yes,Yes,16.8,50.6,64.4,Groundnut,Yes,138.1
84.8,20,Agricultural,Medium,Borewell,No,No,Yes,11.1,53.6,58.4,Maize,Yes,93.2
90.1,14.2,Agricultural,High,Canal,No,Yes,Yes,19.3,59.1,76.1,Maize,Yes,159
77.7,14.4,Agricultural,Medium,Canal,No,Yes,Yes,7.1,46.8,35.3,Millets,Yes,61.4
73.3,14.9,Agricultural,Medium,Canal,No,Yes,Yes,16.6,49.7,58.6,Groundnut,Yes,132.1
86.3,13.6,Agricultural,High,None,Yes,Yes,No,6.5,42.4,50.3,Millets,Yes,53.1
91.5,16.1,Agricultural,Medium,Borewell,No,Yes,Yes,17.9,39.9,30.6,Groundnut,Yes,142.3
92.8,14.4,Agricultural,Medium,Canal,No,Yes,Yes,4.6,57.3,56.3,Millets,Yes,35.9
98.3,19.1,Agricultural,Medium,Canal,No,Yes,Yes,19.3,41.1,51.1,Rice,Yes,153.7
75.4,16.9,Agricultural,Low,None,No,Yes,No,14.3,31.7,23.9,Maize,Yes,113.2
93.5,18.9,Agricultural,Low,Canal,Yes,Yes,Yes,14.5,71.8,88.5,Maize,Yes,117.9
76.1,18.5,Agricultural,High,Borewell,No,Yes,Yes,5,42.4,32.4,Groundnut,Yes,36.1
70.9,18.1,Agricultural,High,Borewell,No,Yes,Yes,19.4,38.3,29.6,Rice,Yes,160
89.1,14.1,Residential,Medium,Municipal,Yes,Yes,No,1.9,68.9,65.8,None,Yes,15
71.6,14.6,Residential,Low,Municipal,No,No,No,4.6,34.7,41.2,None,Yes,39.3
84.7,12.9,Agricultural,Medium,Borewell,No,Yes,Yes,18,61.5,72.8,Cotton,Yes,140.5
89.3,14,Agricultural,Low,Borewell,Yes,Yes,Yes,16.6,70.6,75,Cotton,Yes,132.2
78.6,14.2,Agricultural,Low,Canal,Yes,No,Yes,3.7,40.7,38.8,Rice,Yes,26.9
76.1,16.6,Agricultural,Low,Borewell,Yes,Yes,Yes,5.2,48.9,48.9,Millets,Yes,41
93.4,8.1,Agricultural,Low,Borewell,No,Yes,Yes,5.5,48.8,38.5,Vegetables,Yes,45.6
75.8,13.9,Agricultural,Low,Canal,No,Yes,Yes,12.3,42.4,37.1,Millets,Yes,102.1
81.7,15.7,Agricultural,Low,Canal,Yes,Yes,Yes,18.4,34.8,25.8,Cotton,Yes,142.3
71,19.6,Agricultural,Medium,Borewell,Yes,Yes,Yes,12.3,32.4,34.2,Maize,Yes,102.6
91.6,8.3,Agricultural,Medium,Borewell,Yes,Yes,Yes,9.3,63.4,44.6,Maize,Yes,73.9
77.2,17.1,Agricultural,Medium,Borewell,No,Yes,Yes,5.3,50.6,52.1,Cotton,Yes,38.4
75.9,14.3,Agricultural,Medium,Borewell,No,Yes,Yes,16.8,53.4,46.1,Vegetables,Yes,137.3
88.4,12.2,Agricultural,High,None,No,Yes,No,11.9,52.8,50.3,Vegetables,Yes,93.6
88.2,15.5,Agricultural,Medium,Borewell,No,Yes,Yes,2.5,63,72,Maize,Yes,22.4
86.8,11.4,Agricultural,Low,Borewell,No,Yes,Yes,18.8,46.6,39.3,Cotton,Yes,146.8
83.8,11,Agricultural,Medium,Canal,No,Yes,Yes,15.6,35,34,Rice,Yes,123.6
72,9.6,Agricultural,Low,Borewell,Yes,Yes,Yes,6.7,52.6,44.4,Rice,Yes,51.2
74.8,10.7,Commercial,Low,Municipal,No,Yes,No,2.8,54.5,70.7,None,Yes,301.3
72.2,19.1,Agricultural,High,Canal,Yes,Yes,Yes,6.5,39.7,47.7,Groundnut,Yes,49
75.3,14,Agricultural,High,Borewell,No,Yes,Yes,5.4,44.7,38.2,Maize,Yes,39.7
98.1,17.1,Agricultural,Medium,Canal,No,Yes,Yes,7.1,58.5,62.5,Vegetables,Yes,53.8
71.6,8.2,Agricultural,Medium,Borewell,Yes,Yes,Yes,6.3,52.8,59.4,Rice,Yes,51.9
98.4,18.1,Agricultural,Medium,None,No,Yes,No,19.6,40.9,45.4,Vegetables,Yes,152
71.3,17.7,Agricultural,Medium,Borewell,Yes,Yes,Yes,15.2,37,43.8,Maize,Yes,126.5
86,9.8,Agricultural,High,None,No,Yes,No,5.3,41.8,48.4,Vegetables,Yes,43.6
89.8,9.6,Agricultural,Medium,None,No,Yes,No,5.8,44.8,34.2,Maize,Yes,43.2
90.1,12.9,Agricultural,Medium,Borewell,No,Yes,Yes,3,63.6,59.6,Vegetables,Yes,20.2
83.6,8.8,Agricultural,High,None,No,Yes,No,10,52.3,52.7,Vegetables,Yes,80
92,18.8,Agricultural,Low,Borewell,No,Yes,Yes,7.2,39.7,38.1,Groundnut,Yes,61.5
94.6,8.9,Agricultural,High,Borewell,Yes,Yes,Yes,3,52,66.7,Maize,Yes,19.7
77.2,17.8,Agricultural,High,Canal,Yes,Yes,Yes,18.2,60.7,74.5,Vegetables,Yes,145.2
77.1,8.6,Agricultural,Low,None,No,Yes,No,10.3,55.2,40.6,Maize,Yes,82.3
89.1,13.8,Agricultural,Low,Canal,No,Yes,Yes,11.1,43.5,35.2,Millets,Yes,84
99.1,9.5,Agricultural,Medium,Borewell,Yes,Yes,Yes,16.2,70.9,62.6,Vegetables,Yes,129.5
77.5,9.1,Agricultural,High,Borewell,No,Yes,Yes,4.3,47.3,36.4,Rice,Yes,31.7
79.2,11.8,Agricultural,Medium,Canal,No,No,Yes,10.3,37.6,32.4,Millets,Yes,78.9
72.5,13.6,Agricultural,High,Borewell,Yes,Yes,Yes,8,42.3,48.6,Cotton,Yes,67
94.9,14.1,Agricultural,Medium,Borewell,No,Yes,Yes,2.1,71,68.7,Cotton,Yes,20.9
96.1,15.3,Agricultural,High,Canal,No,Yes,Yes,10.7,62.5,45.1,Rice,Yes,84.4
88.1,11.3,Agricultural,High,Borewell,Yes,Yes,Yes,13.2,44.9,44.7,Millets,Yes,102.3
81.4,19.6,Residential,Low,Municipal,Yes,Yes,No,3.7,36.3,43.8,None,Yes,26.2
74.9,19.3,Agricultural,Medium,Canal,No,Yes,Yes,7.4,42.5,47.8,Maize,Yes,55.7
92.6,14,Residential,High,Municipal,No,Yes,No,4.8,49,60.4,None,Yes,38
89.3,9.5,Agricultural,Medium,Borewell,No,Yes,Yes,11.1,44.8,36.8,Groundnut,Yes,86.3
98.4,19.7,Agricultural,Low,Canal,No,Yes,Yes,19.5,40.3,49.7,Cotton,Yes,153.8
74.2,17.9,Agricultural,Low,Canal,No,No,Yes,2.3,52.2,38.1,Vegetables,Yes,15
96.7,15.2,Agricultural,Medium,Canal,No,Yes,Yes,3.2,44.3,37.1,Vegetables,Yes,30.1
90.1,10.5,Agricultural,Medium,Borewell,Yes,Yes,Yes,4.2,66.6,56.3,Millets,Yes,32.8
95.4,15.8,Agricultural,Medium,Borewell,No,Yes,Yes,6.2,64.7,56.3,Groundnut,Yes,51.9
99.4,18,Agricultural,High,Borewell,No,Yes,Yes,18.1,58.9,53.4,Millets,Yes,140.1
73.2,9.9,Agricultural,Medium,Borewell,Yes,Yes,Yes,19,56.5,73,Millets,Yes,150.8
95.8,9.2,Agricultural,High,Canal,Yes,No,Yes,8.3,57.5,47.1,Groundnut,Yes,62.4
70.6,15.6,Agricultural,Low,None,Yes,Yes,No,19.5,54.2,66.8,Cotton,Yes,153.5
97,14.4,Agricultural,Medium,Canal,No,Yes,Yes,9.4,45.2,43.5,Groundnut,Yes,74.6
74.2,16,Agricultural,High,None,Yes,No,No,15.1,56.6,54.5,Groundnut,Yes,121.5
92.9,16.4,Agricultural,Medium,Borewell,No,Yes,Yes,19.9,56.1,58.6,Millets,Yes,159.6
96.1,10,Agricultural,Low,Borewell,No,Yes,Yes,19.7,45.9,52.8,Groundnut,Yes,156.4
96.5,12.4,Agricultural,Medium,Canal,No,Yes,Yes,15.1,52.6,40.4,Vegetables,Yes,116.1
75.8,8.6,Agricultural,Medium,Borewell,No,Yes,Yes,2.9,44.4,41.5,Maize,Yes,22.3
96.3,19.9,Agricultural,Medium,Borewell,No,Yes,Yes,10.9,65.9,51.2,Vegetables,Yes,89.2
96.6,18.6,Agricultural,Medium,Canal,Yes,Yes,Yes,16.3,38.9,47.2,Groundnut,Yes,128.4
70.7,8.3,Agricultural,Medium,None,No,Yes,No,13.6,35.3,27.1,Vegetables,Yes,112.7
73.6,17.1,Agricultural,Medium,Borewell,No,Yes,Yes,12.2,31.8,34,Groundnut,Yes,99.9
77.5,12.7,Agricultural,Medium,Borewell,No,Yes,Yes,7.5,38.8,34.5,Rice,Yes,64.3
90.3,17.2,Agricultural,Low,None,Yes,No,No,13.1,58.1,49.3,Cotton,Yes,103.1
74.1,15.7,Agricultural,High,Canal,No,Yes,Yes,11.2,37.3,32.7,Cotton,Yes,93.8
81.9,19.5,Agricultural,Medium,Borewell,No,Yes,Yes,12.5,61.3,57.7,Groundnut,Yes,103.1
99.6,9.6,Agricultural,Low,Borewell,Yes,Yes,Yes,6.5,74.3,96.6,Rice,Yes,51.3
84.2,12.4,Agricultural,Medium,None,No,Yes,No,15.2,40,47.7,Rice,Yes,118.1
79.4,15.1,Agricultural,Low,Borewell,No,Yes,Yes,16.2,42.6,35,Groundnut,Yes,125.7
84,18.5,Agricultural,High,None,Yes,Yes,No,16.7,49,37.9,Cotton,Yes,138.6
87.1,15.2,Agricultural,High,Borewell,No,Yes,Yes,6.6,56.1,56.9,Millets,Yes,51.2
77.8,13.2,Agricultural,Low,Borewell,Yes,Yes,Yes,13.8,56,56.7,Millets,Yes,107.7
97.1,11.6,Agricultural,Medium,Borewell,No,Yes,Yes,16.8,45.2,54.4,Rice,Yes,137.9
88.2,12.7,Agricultural,High,Borewell,No,Yes,Yes,15,69.7,59.5,Maize,Yes,122.5
97.9,15.1,Agricultural,Medium,Borewell,No,Yes,Yes,10.3,46.2,49,Groundnut,Yes,84.6
91.7,18.3,Agricultural,Medium,Canal,No,Yes,Yes,10.4,62.9,63.5,Rice,Yes,83.5
93.3,12.4,Agricultural,High,Canal,Yes,Yes,Yes,13.3,51.6,44.3,Vegetables,Yes,106.1
90.7,16,Agricultural,Medium,None,No,Yes,No,4.4,47.1,53.9,Vegetables,Yes,33.4
85.5,16.7,Agricultural,Low,Borewell,No,Yes,Yes,8,45.3,41.7,Groundnut,Yes,59.6
99.1,11.1,Agricultural,Medium,Borewell,Yes,Yes,Yes,9.6,43.9,36.5,Groundnut,Yes,74.4
75.2,10.9,Agricultural,Medium,Borewell,No,Yes,Yes,2.6,35.8,37.8,Cotton,Yes,16.3
73.8,17.1,Agricultural,Medium,None,No,Yes,No,14.6,55.9,60.7,Vegetables,Yes,115.9
93.9,8.1,Agricultural,Medium,Canal,No,Yes,Yes,15.5,66.2,84.7,Millets,Yes,128.3
82.5,11.7,Agricultural,Low,Canal,No,No,Yes,13.7,51,63.3,Rice,Yes,112.3
88.5,10.7,Agricultural,Medium,Canal,No,Yes,Yes,12.5,42.8,50.3,Millets,Yes,96.7
87,10.2,Agricultural,High,Borewell,Yes,Yes,Yes,19.8,62.4,51.9,Maize,Yes,156.1
98.7,16.8,Agricultural,Medium,Borewell,No,Yes,Yes,9.7,59.8,47.7,Cotton,Yes,72.7
74.6,13.4,Agricultural,Medium,None,No,Yes,No,10.4,47.4,49.5,Vegetables,Yes,82
70.4,11.7,Agricultural,Medium,Borewell,No,Yes,Yes,2.2,36.3,28,Cotton,Yes,15.5
74.3,8.5,Agricultural,Medium,Canal,No,Yes,Yes,13.7,40.7,52.5,Rice,Yes,113.5
90.3,12.6,Residential,High,Borewell,No,No,No,2.8,60.9,45.2,None,Yes,22.7
90.8,19.5,Agricultural,High,Canal,Yes,Yes,Yes,14,52.2,53.2,Rice,Yes,112.5
94.4,10,Agricultural,High,Borewell,Yes,Yes,Yes,12.9,47,56.9,Vegetables,Yes,106.1
79,8.1,Agricultural,Low,Canal,No,Yes,Yes,11.8,52.6,67.8,Rice,Yes,95.8
73,10,Agricultural,Medium,Canal,Yes,No,Yes,19.6,47.4,41.2,Groundnut,Yes,159.7
76.5,15.6,Agricultural,Medium,Canal,No,Yes,Yes,8.2,44.2,31,Maize,Yes,68.7
92.3,19,Agricultural,Low,None,No,Yes,No,11.9,61.5,58,Maize,Yes,93.4
85.4,13.3,Agricultural,Low,Canal,No,Yes,Yes,7.6,55.4,58.1,Vegetables,Yes,57.6
73.7,17.4,Agricultural,Medium,Canal,No,Yes,Yes,16.3,30.9,36.3,Cotton,Yes,128.7
96.6,11.2,Agricultural,Low,Borewell,No,Yes,Yes,5.1,76.3,94.8,Maize,Yes,44.5
87.5,14.8,Residential,Medium,Municipal,No,Yes,No,1,53.8,47,None,Yes,15
91.1,15.4,Agricultural,High,Canal,No,Yes,Yes,2.8,71.7,54,Cotton,Yes,27.3
90.3,12.6,Agricultural,High,Borewell,No,No,Yes,2.5,45.1,45.7,Rice,Yes,18.7
91.6,12.4,Agricultural,Medium,None,Yes,No,No,2.1,38,46.8,Maize,Yes,15
82.6,19.2,Agricultural,High,Canal,Yes,No,Yes,7.3,61.4,55.3,Groundnut,Yes,63.2
90,15.7,Agricultural,High,Canal,No,Yes,Yes,19.5,67.6,51.3,Millets,Yes,152.2
72.6,13.5,Agricultural,Low,Canal,Yes,Yes,Yes,4.8,53.5,57.5,Groundnut,Yes,38.6
86.8,10.6,Residential,Medium,Municipal,No,Yes,No,2.2,51.8,57.7,None,Yes,16.9
71.5,13.1,Agricultural,Medium,Canal,No,Yes,Yes,8.2,55.4,39.6,Vegetables,Yes,62
96.4,13.8,Agricultural,High,Borewell,No,Yes,Yes,19.8,74.7,84.4,Maize,Yes,156.3
76.7,13.6,Agricultural,High,None,No,No,No,19.4,43.4,49,Millets,Yes,155.1
95.4,17.5,Agricultural,Medium,Canal,No,No,Yes,5.7,56,53.5,Cotton,Yes,43.7
88.5,10.6,Agricultural,Medium,Canal,Yes,Yes,Yes,9.2,61.4,60.8,Rice,Yes,78
85.4,14.6,Agricultural,Medium,Canal,Yes,Yes,Yes,12.5,46.3,43.1,Groundnut,Yes,99.9
70.2,8.5,Agricultural,High,Borewell,No,Yes,Yes,9.1,32,35.6,Groundnut,Yes,76.4
88.7,12.5,Agricultural,High,Canal,No,Yes,Yes,10.6,41,36.5,Cotton,Yes,89.1
79.7,18.3,Agricultural,Medium,Borewell,No,Yes,Yes,13.6,53.5,50.1,Rice,Yes,112.8
93.8,15,Agricultural,Medium,Canal,No,Yes,Yes,3.7,55.2,61,Vegetables,Yes,28.4
85.2,16.5,Agricultural,High,Canal,Yes,No,Yes,12.3,37.8,42.4,Groundnut,Yes,95.2
75.4,19.2,Agricultural,High,Canal,No,Yes,Yes,2.8,60.2,54.2,Vegetables,Yes,17.5
85,14.9,Agricultural,High,None,No,Yes,No,20,37.3,31,Maize,Yes,162.2
85.3,16.5,Agricultural,High,Canal,No,Yes,Yes,5.7,61,70.8,Rice,Yes,44
79.9,19.5,Agricultural,Low,Canal,No,Yes,Yes,13.4,49.9,38.7,Maize,Yes,107
84.2,16.3,Agricultural,Medium,Borewell,No,Yes,Yes,18.1,52.3,60.6,Groundnut,Yes,140.7
92.8,8.6,Agricultural,Medium,Borewell,No,Yes,Yes,16.9,67.6,61.3,Groundnut,Yes,131
88.4,14.7,Agricultural,High,Canal,No,Yes,Yes,7.3,42.2,50.5,Cotton,Yes,59.6
70.1,9.1,Agricultural,High,Canal,Yes,Yes,Yes,12.1,39.1,49,Maize,Yes,94
71.8,17.8,Agricultural,Medium,Borewell,No,Yes,Yes,5.9,54.3,66.2,Cotton,Yes,42.9
89.6,11.2,Residential,Medium,Municipal,No,Yes,No,2.1,40.3,42.1,None,Yes,18
75.3,18.5,Agricultural,Medium,Borewell,Yes,Yes,Yes,16.1,49,44.2,Vegetables,Yes,131.1
71.2,17.3,Agricultural,High,Borewell,No,Yes,Yes,6,37.5,31.6,Maize,Yes,43.2
87.9,11.2,Agricultural,Medium,Canal,No,Yes,Yes,2.6,38.3,49,Millets,Yes,20.1
98.7,9.3,Agricultural,Low,Canal,No,No,Yes,5.8,64.1,46.3,Vegetables,Yes,43.7
94.6,11.3,Agricultural,Low,Canal,No,Yes,Yes,4.4,71,61.5,Rice,Yes,36.1
73,17.1,Agricultural,Medium,Borewell,No,Yes,Yes,4.6,46.5,43.1,Cotton,Yes,36.1
85.3,18.7,Agricultural,Medium,Borewell,No,Yes,Yes,5.2,66.2,68,Cotton,Yes,44
79.2,17.3,Agricultural,Low,Borewell,No,Yes,Yes,7.7,53.6,47,Groundnut,Yes,64.1
84.1,14.6,Agricultural,Medium,Borewell,No,Yes,Yes,9.4,53.8,51.7,Cotton,Yes,73.1
92.3,9.4,Agricultural,Medium,None,No,Yes,No,2.5,41.7,42.3,Millets,Yes,16.5
88.9,18.4,Agricultural,Low,Borewell,No,No,Yes,2.9,44.6,38.9,Rice,Yes,21.9
97.1,12.5,Agricultural,Medium,Borewell,No,Yes,Yes,3.3,69.3,79.4,Vegetables,Yes,25.4
95.2,14.5,Agricultural,Low,Borewell,No,Yes,Yes,7.5,68.9,71.7,Maize,Yes,62
70.5,19.6,Agricultural,Low,None,Yes,Yes,No,4.5,39.2,48.7,Millets,Yes,40.2
87.5,19.6,Agricultural,High,Canal,No,Yes,Yes,15,67.2,84.8,Vegetables,Yes,119
76.6,13.7,Agricultural,High,Borewell,Yes,Yes,Yes,5.8,35.6,25.3,Maize,Yes,45.6
93.8,12.9,Agricultural,High,Canal,No,Yes,Yes,9.7,57.2,67.1,Vegetables,Yes,74
74,13,Agricultural,Low,Borewell,No,Yes,Yes,2.2,57.4,71.9,Maize,Yes,16.9
81,12.6,Agricultural,High,Borewell,No,Yes,Yes,7.3,51.1,44.1,Vegetables,Yes,56.2
99.6,8.9,Agricultural,Medium,Borewell,No,Yes,Yes,11.7,77.4,82.3,Maize,Yes,94
76.2,12.8,Agricultural,Low,Borewell,No,No,Yes,16.1,52,66.5,Maize,Yes,131.2
81.1,10.2,Agricultural,High,Canal,Yes,Yes,Yes,15.3,44,54.9,Maize,Yes,120.7
91,9.8,Agricultural,Medium,None,No,Yes,No,16.5,57.9,70.6,Groundnut,Yes,130
80.3,15.7,Agricultural,High,Borewell,No,Yes,Yes,10.4,47.3,58.3,Vegetables,Yes,79.2
74.1,18.2,Agricultural,Low,Canal,No,Yes,Yes,15.7,49.9,57.9,Maize,Yes,128.7
76.4,18.2,Agricultural,Medium,None,No,No,No,11.8,53.1,65.2,Vegetables,Yes,94.1
89.5,8.5,Agricultural,Low,Borewell,No,Yes,Yes,17,61.2,71.9,Maize,Yes,135.1
82.5,8.1,Agricultural,Low,Borewell,Yes,Yes,Yes,13.1,60.1,61.9,Groundnut,Yes,104.7
85.3,17.9,Agricultural,Low,Canal,No,Yes,Yes,8.8,38.3,49.6,Millets,Yes,73.8
83.9,11.2,Agricultural,Medium,Borewell,No,Yes,Yes,2.3,56.3,46.6,Cotton,Yes,19.1
97.1,18.3,Agricultural,High,Canal,No,Yes,Yes,19.6,60,74.7,Maize,Yes,151.9
85,20,Commercial,Low,Municipal,No,Yes,No,1.1,60.7,59.4,None,Yes,85.3
90.4,15.5,Agricultural,Medium,Canal,Yes,No,Yes,18.6,55.3,44.8,Groundnut,Yes,145.5
88.8,12.8,Agricultural,Low,None,No,Yes,No,18.1,40,47.4,Cotton,Yes,147.5
91.5,18.9,Agricultural,Low,Canal,No,Yes,Yes,18.5,61.2,65.6,Millets,Yes,152.6
72.5,13.1,Agricultural,Low,Borewell,No,Yes,Yes,4.4,45.8,44.6,Vegetables,Yes,32.8
87.1,11,Agricultural,Low,Borewell,No,Yes,Yes,16.4,53.8,60.3,Maize,Yes,129
82.4,13.2,Agricultural,Low,Borewell,No,Yes,Yes,15.7,43.6,40.3,Cotton,Yes,125
99.8,17,Agricultural,Medium,None,No,Yes,No,2.3,73.9,62.6,Millets,Yes,17
73.3,17.7,Agricultural,Low,Borewell,No,Yes,Yes,2.9,50.4,37.9,Maize,Yes,25.4
92.9,19.4,Agricultural,High,Borewell,No,Yes,Yes,5.2,51.6,63.3,Vegetables,Yes,39.7
78.3,14.6,Agricultural,Medium,Canal,No,Yes,Yes,19.4,36.1,41.8,Rice,Yes,159
71,9.3,Agricultural,High,Borewell,No,Yes,Yes,11.4,47.7,40,Cotton,Yes,93.8
87.6,17.3,Agricultural,Medium,Canal,Yes,Yes,Yes,5.3,36.1,34.4,Groundnut,Yes,42.7
73.2,15.1,Agricultural,High,Borewell,No,No,Yes,18.2,30,30.2,Cotton,Yes,145.4
81.3,19.3,Agricultural,Medium,Borewell,No,Yes,Yes,8.3,34.5,26.8,Maize,Yes,66.8
94,15.9,Residential,High,Borewell,No,Yes,No,1.9,45.5,34.3,None,Yes,16.6
82,19.5,Agricultural,Medium,Canal,Yes,Yes,Yes,7.2,38.5,42.8,Vegetables,Yes,55.6
95.4,12.1,Agricultural,Medium,Canal,No,Yes,Yes,4.8,66.9,61.3,Cotton,Yes,39.8
99.2,14.6,Agricultural,High,None,No,Yes,No,8.4,47.8,54.4,Cotton,Yes,65.1
78.1,16,Agricultural,Medium,Borewell,No,Yes,Yes,13.2,33.2,33.5,Rice,Yes,109
99.6,9.7,Agricultural,High,Borewell,Yes,No,Yes,17.1,52,56.3,Cotton,Yes,137.3
96.2,18.9,Agricultural,Low,Borewell,No,No,Yes,10.8,73.7,84,Vegetables,Yes,84.4
75.9,8.7,Agricultural,Medium,Canal,Yes,Yes,Yes,7.6,31,24.2,Maize,Yes,65.1
87.7,13.1,Agricultural,Low,None,No,Yes,No,18.3,67.9,47.6,Vegetables,Yes,149
96.3,9.1,Agricultural,Medium,Canal,Yes,Yes,Yes,9.1,57.8,56.5,Groundnut,Yes,75.1
86,8.9,Agricultural,Medium,Borewell,No,Yes,Yes,12.8,38.7,30.4,Rice,Yes,102.9
77.2,9.6,Agricultural,High,Borewell,No,Yes,Yes,6.9,60.1,66.2,Cotton,Yes,56.3
96.4,13.7,Agricultural,Low,Borewell,No,Yes,Yes,10.3,57.6,62.7,Groundnut,Yes,86.5
99.1,15.6,Agricultural,Medium,Canal,No,Yes,Yes,13.9,74.7,72.6,Maize,Yes,110.2
93.4,12,Agricultural,High,Canal,No,Yes,Yes,7.2,74.3,89.6,Cotton,Yes,53.7
93,18,Agricultural,High,Canal,No,Yes,Yes,11.8,68.4,53.8,Millets,Yes,96.6
91.2,9,Agricultural,Medium,Canal,No,Yes,Yes,15,64.6,68.7,Millets,Yes,121.1
82.8,12,Agricultural,Medium,Borewell,Yes,Yes,Yes,5.7,51.5,36.3,Maize,Yes,50.3
82.9,12.8,Agricultural,High,Canal,Yes,No,Yes,17.8,36.7,42.4,Millets,Yes,137.6
88.6,12.2,Agricultural,High,None,No,Yes,No,11.2,56,69.3,Vegetables,Yes,92.7
91.7,15.3,Agricultural,Medium,Borewell,Yes,Yes,Yes,10.3,36.7,46.9,Cotton,Yes,86
95.1,10.5,Agricultural,Low,Borewell,No,Yes,Yes,2.6,75.9,68.1,Vegetables,Yes,25
89,19.7,Agricultural,High,Canal,No,Yes,Yes,6.2,41.2,34.6,Cotton,Yes,44.7
71.9,13.8,Agricultural,Medium,None,No,Yes,No,14.3,38.9,33.1,Cotton,Yes,117.7
70.1,10.1,Agricultural,Medium,Borewell,Yes,No,Yes,6.4,40.8,33,Rice,Yes,53.7
73.1,18.2,Agricultural,Low,Borewell,No,No,Yes,6.5,30.4,23.3,Cotton,Yes,50.6
87.4,12.4,Agricultural,Low,Canal,No,Yes,Yes,10.7,46.1,37.3,Maize,Yes,81.7
96.2,16.2,Agricultural,High,Borewell,No,No,Yes,10.5,56,71.7,Rice,Yes,80.1
88.5,11.4,Agricultural,Low,None,No,Yes,No,13,37.6,35.3,Millets,Yes,104.2
90.6,18.5,Agricultural,High,Canal,No,No,Yes,16.5,63.9,45.9,Maize,Yes,129.5
74.2,9.2,Agricultural,Medium,Borewell,Yes,Yes,Yes,9.9,55.4,57.7,Vegetables,Yes,78
79.5,15.7,Agricultural,Medium,None,No,Yes,No,17.7,46.8,56.2,Cotton,Yes,146.5
97.2,8.8,Agricultural,Medium,Canal,Yes,Yes,Yes,13.3,45.1,35.7,Cotton,Yes,105.3
89.2,14.6,Agricultural,High,None,No,Yes,No,8.1,46.6,40.4,Maize,Yes,68.6
89.7,17.9,Agricultural,Low,Borewell,Yes,Yes,Yes,5.6,70,52.9,Vegetables,Yes,44.4
80,13.3,Agricultural,High,Borewell,No,Yes,Yes,2.2,33.1,32.7,Vegetables,Yes,21.6
73.1,19.1,Agricultural,High,Borewell,No,Yes,Yes,6.1,52.4,67.8,Groundnut,Yes,51.8
79.4,10.2,Agricultural,High,Borewell,No,Yes,Yes,13.3,40.7,38.5,Vegetables,Yes,106.8
86.8,11,Agricultural,Medium,None,No,No,No,9.8,50.8,58.7,Cotton,Yes,77.6
99.4,10.7,Agricultural,High,None,No,No,No,18.5,45.5,35.7,Millets,Yes,144.2
84.3,9.9,Agricultural,High,Borewell,No,Yes,Yes,4,46.5,44.7,Rice,Yes,28.7
99.7,18.4,Agricultural,Low,None,No,Yes,No,3.8,51.7,61,Rice,Yes,25.8
93,17.3,Agricultural,Low,Canal,Yes,Yes,Yes,11.9,37.3,32.5,Maize,Yes,98.3
82.5,18,Agricultural,Low,Borewell,Yes,Yes,Yes,17.4,40.5,44.8,Groundnut,Yes,144
75,19.9,Agricultural,Low,Canal,Yes,No,Yes,6.6,49.7,63.9,Cotton,Yes,53.6
99.9,17.5,Agricultural,High,Borewell,Yes,Yes,Yes,5.8,50,54.5,Maize,Yes,50.7
86.4,18.3,Agricultural,Low,Canal,Yes,Yes,Yes,10.9,43.3,49.3,Vegetables,Yes,85.5
99.4,14.6,Agricultural,Medium,Borewell,No,Yes,Yes,19.4,47.5,38.8,Rice,Yes,151.4
88.4,17.1,Agricultural,Medium,None,No,Yes,No,19.9,61.3,49.9,Vegetables,Yes,156.4
92.6,9.5,Agricultural,High,Borewell,No,No,Yes,8.8,72.2,81,Maize,Yes,69
72.3,9.7,Agricultural,Medium,Canal,No,Yes,Yes,14.9,53.4,41.8,Maize,Yes,121.8
97.4,9.5,Agricultural,Medium,Canal,Yes,Yes,Yes,2.2,57.1,62.5,Cotton,Yes,20.5
73.7,13.9,Residential,Medium,Municipal,Yes,Yes,No,4.3,53.1,66.8,None,Yes,36.7
77.1,9.2,Agricultural,Medium,Canal,Yes,Yes,Yes,2.1,57.9,49.9,Groundnut,Yes,16.1
79.4,13,Agricultural,High,Borewell,No,Yes,Yes,5.1,47.4,57.1,Groundnut,Yes,37
92.6,10.9,Agricultural,Low,Borewell,No,Yes,Yes,18,65.2,67.7,Vegetables,Yes,140.8
71.1,9.9,Agricultural,Medium,Borewell,No,Yes,Yes,15.3,44.4,52.6,Millets,Yes,125.1
86.6,19.3,Agricultural,High,Borewell,No,No,Yes,14,53.3,60.7,Cotton,Yes,112.5
95.3,12.6,Agricultural,High,Canal,No,Yes,Yes,17.6,70.2,65.3,Vegetables,Yes,140.2
99.2,12,Agricultural,High,Borewell,No,Yes,Yes,4,64.6,50,Millets,Yes,32.2
74.8,16,Agricultural,High,Canal,No,Yes,Yes,9.8,48.8,49.7,Maize,Yes,77.6
78.8,19.1,Residential,Medium,Municipal,No,Yes,No,3.8,54.9,69.6,None,Yes,34
70.4,18.3,Agricultural,High,Canal,No,Yes,Yes,12.9,45,41.8,Maize,Yes,100.4
80.6,12,Agricultural,Medium,Canal,No,Yes,Yes,5.1,37.9,39.4,Millets,Yes,43.8
97.5,8.9,Agricultural,Medium,None,No,Yes,No,13,54.3,50.1,Vegetables,Yes,99.5
78.5,13,Agricultural,Low,Borewell,No,Yes,Yes,2.1,57.6,66,Millets,Yes,16.1
86.6,14.8,Agricultural,Medium,Borewell,Yes,Yes,Yes,13.5,55.1,65.7,Rice,Yes,109.3
82.7,18.3,Agricultural,High,None,No,Yes,No,14,38.4,33.9,Vegetables,Yes,112
95.5,15.9,Agricultural,Low,Borewell,No,Yes,Yes,12.5,54.2,70.3,Cotton,Yes,98.3
81.5,10.1,Agricultural,Medium,Borewell,No,Yes,Yes,15.2,42.6,41.1,Cotton,Yes,117.1
80.4,10.2,Agricultural,Low,Borewell,Yes,Yes,Yes,12.3,56.4,53.4,Cotton,Yes,93.9
87.1,15.4,Agricultural,Medium,Canal,No,Yes,Yes,4.6,43.7,52.3,Vegetables,Yes,35.9
75.6,12,Agricultural,Medium,None,No,Yes,No,6.8,35.7,39.4,Millets,Yes,55.6
89.8,13.3,Agricultural,High,Canal,No,Yes,Yes,18.2,69.2,77.1,Maize,Yes,148.2
88.7,12.5,Agricultural,Medium,Borewell,No,No,Yes,9.3,50.4,55.3,Groundnut,Yes,73.9
91.6,18.3,Agricultural,High,None,No,Yes,No,14.3,59.4,44.9,Rice,Yes,110.3
88.7,14.4,Agricultural,Medium,Borewell,No,Yes,Yes,4.7,62.4,67.3,Vegetables,Yes,37.1
93.1,10.2,Agricultural,Medium,Borewell,No,Yes,Yes,3.7,39.3,28.6,Cotton,Yes,27.3
87.4,13.5,Agricultural,Medium,Borewell,No,Yes,Yes,18.5,42.8,43.7,Millets,Yes,152.4
89.6,13.8,Agricultural,High,Borewell,No,Yes,Yes,14.5,66.7,67.4,Vegetables,Yes,117.3
77.5,9.8,Agricultural,Medium,None,No,No,No,7.8,53.9,45.4,Rice,Yes,65.5
71.7,10.7,Agricultural,Medium,Borewell,Yes,Yes,Yes,2.5,47.1,50.4,Cotton,Yes,16.2
96.9,8.8,Agricultural,Low,Borewell,Yes,Yes,Yes,15,48.8,40.6,Groundnut,Yes,121.2
90.2,18.8,Agricultural,Low,Borewell,Yes,Yes,Yes,13.4,61.9,72.3,Millets,Yes,104.3
88.5,9.9,Agricultural,Low,None,Yes,No,No,2.5,35.9,29.7,Millets,Yes,17
82,16.9,Agricultural,Medium,None,No,Yes,No,18.3,59.9,55.5,Groundnut,Yes,142.6
83.1,14.4,Agricultural,Medium,Borewell,No,Yes,Yes,7.4,63.7,73.5,Maize,Yes,63.4
76,8.5,Agricultural,Low,None,No,Yes,No,12.6,37.2,45.9,Cotton,Yes,105.7
99.6,15.2,Agricultural,Low,None,No,Yes,No,12.1,62.2,68.3,Cotton,Yes,97.4
70.8,16.5,Agricultural,Low,Canal,No,Yes,Yes,9.6,38.7,46.5,Rice,Yes,77.7
84.2,17,Agricultural,Low,None,No,Yes,No,17.4,42.2,37.6,Rice,Yes,139.4
77.6,19.3,Residential,Low,Borewell,No,Yes,No,3.3,47.5,33.5,None,Yes,27.2
79.7,8.1,Agricultural,High,Borewell,No,Yes,Yes,14.2,36.1,25.5,Vegetables,Yes,114.5
72.1,11.3,Agricultural,Medium,Borewell,No,Yes,Yes,2.2,39,43.5,Groundnut,Yes,15.2
86.6,10.9,Agricultural,Medium,None,No,Yes,No,14.5,53.8,51.9,Groundnut,Yes,112.5
74.9,12.8,Agricultural,Low,Canal,No,Yes,Yes,18.2,31.4,37.1,Rice,Yes,145.9
96.9,19.2,Agricultural,High,Canal,No,Yes,Yes,10.1,74.5,53.7,Maize,Yes,84.2
70.8,9.4,Agricultural,Low,Borewell,Yes,Yes,Yes,6.3,28.9,31.2,Millets,Yes,54.3
99.9,10.6,Agricultural,Low,Canal,No,Yes,Yes,16.4,76.5,55.6,Vegetables,Yes,135.9
95.7,12.5,Agricultural,Medium,None,Yes,No,No,18.5,68.2,51.1,Vegetables,Yes,143.8
85.2,8.5,Agricultural,Medium,Borewell,Yes,Yes,Yes,4.7,62.9,45.9,Cotton,Yes,39.8
93.4,14,Agricultural,Low,Borewell,No,Yes,Yes,3.7,65.2,78.8,Millets,Yes,30.4
98.4,15,Agricultural,Medium,Borewell,No,Yes,Yes,19.9,78.4,56.3,Millets,Yes,160.4
73.9,17.7,Agricultural,Medium,Canal,No,Yes,Yes,5.8,50.4,37.4,Vegetables,Yes,46.6
91.7,12.7,Agricultural,Medium,Canal,No,Yes,Yes,4.2,66,63.3,Maize,Yes,36.4
88.5,16.8,Agricultural,Medium,None,No,Yes,No,6,54.3,63.6,Millets,Yes,52.8
73.9,19.6,Agricultural,Medium,Canal,No,Yes,Yes,9.4,36.7,46.3,Vegetables,Yes,70.6
84.5,10.9,Agricultural,Medium,None,No,Yes,No,7.7,45.5,44.9,Cotton,Yes,58
74.8,12.1,Agricultural,High,Borewell,No,Yes,Yes,3.3,34.9,30.3,Groundnut,Yes,22.9
92.9,8.1,Agricultural,Low,None,No,Yes,No,11.2,46.1,32.6,Vegetables,Yes,87.2
88,12.3,Agricultural,Low,Borewell,No,Yes,Yes,4.2,69.8,70.8,Vegetables,Yes,37.2
70.1,13.6,Agricultural,Low,None,Yes,Yes,No,3.8,29.2,37.1,Millets,Yes,30.9
74.1,9.4,Agricultural,Medium,Canal,No,Yes,Yes,11,35.9,43,Groundnut,Yes,92.1
78.5,19.8,Agricultural,Medium,Canal,No,Yes,Yes,7.4,39.2,45.8,Maize,Yes,57.1
71.6,8.6,Agricultural,Medium,Borewell,No,Yes,Yes,6.8,53.4,65.5,Cotton,Yes,55.5
74.3,8.9,Agricultural,High,Borewell,Yes,Yes,Yes,19.6,38.9,47.1,Groundnut,Yes,156.6
99.3,13.6,Agricultural,High,None,No,Yes,No,4.2,50.2,35.3,Cotton,Yes,29
83.6,15.3,Agricultural,Medium,Borewell,No,Yes,Yes,15.7,55.9,54.8,Maize,Yes,124.7
86.8,10.2,Agricultural,Medium,Borewell,No,Yes,Yes,13.7,64.7,77.9,Vegetables,Yes,111.1
79.6,20,Agricultural,High,Borewell,No,Yes,Yes,14.3,40,35.7,Groundnut,Yes,117
86.2,13.6,Agricultural,Medium,None,No,Yes,No,4.7,38.4,30.4,Cotton,Yes,37.6
73.7,8.6,Agricultural,Medium,Borewell,No,Yes,Yes,17.9,44.8,38.8,Vegetables,Yes,141.9
79.3,17.8,Agricultural,Medium,Canal,No,Yes,Yes,10.1,57.4,56.4,Maize,Yes,85.6
72.1,8.9,Agricultural,Medium,Canal,No,No,Yes,4.2,35.6,25.6,Rice,Yes,33.1
87.3,18.5,Agricultural,Medium,None,No,Yes,No,7.3,45.2,54.6,Millets,Yes,62.5
75.2,16.7,Agricultural,High,Borewell,No,Yes,Yes,6.4,37.1,32.7,Cotton,Yes,51.3
91.1,17.5,Agricultural,High,Canal,No,Yes,Yes,8.3,39.7,32.8,Millets,Yes,69.7
95.5,10.7,Agricultural,High,Borewell,No,Yes,Yes,15.5,52.6,63.4,Millets,Yes,121.3
85.1,15.7,Commercial,Medium,Municipal,No,Yes,No,1.7,62.6,44.1,None,Yes,156.3
89.5,16.4,Residential,Medium,Municipal,No,Yes,No,3.6,44.3,54.3,None,Yes,32.5
88.5,9.2,Agricultural,Low,None,Yes,Yes,No,13.9,53,53,Groundnut,Yes,107
85.4,13.1,Agricultural,High,Canal,No,Yes,Yes,17.4,61,67.5,Cotton,Yes,138
93.5,14.7,Residential,Medium,Municipal,No,Yes,No,3.7,48.1,39.5,None,Yes,31.9
93.1,17.6,Agricultural,Medium,Borewell,No,Yes,Yes,9.8,44.9,40.7,Groundnut,Yes,78.1
84,16.6,Agricultural,High,Canal,No,Yes,Yes,5.9,35.2,25.6,Millets,Yes,47.4
85.3,10.3,Agricultural,High,None,No,Yes,No,12.7,66.4,68.8,Maize,Yes,106.5
89.1,11.6,Agricultural,Low,None,Yes,No,No,7.7,71.4,62.6,Groundnut,Yes,99.4
98.7,11.1,Agricultural,Medium,Canal,No,No,Yes,6.9,80.1,71.4,Millets,Yes,117.2
93.5,16.6,Agricultural,High,Borewell,No,No,No,18.9,69.8,76,Cotton,Yes,359.9
87.4,14.9,Agricultural,Low,None,No,No,No,6.9,68.3,70.7,Cotton,Yes,81.4
55.5,28.3,Agricultural,Medium,None,No,No,No,5.7,38.3,42.7,Cotton,Yes,92
73.3,12,Agricultural,Medium,None,No,Yes,No,3.7,51.8,70,Groundnut,Yes,73.8
74.7,27.6,Agricultural,Medium,None,No,No,No,18,46.7,50.6,Groundnut,Yes,223.9
90.8,12,Agricultural,High,Borewell,No,Yes,Yes,2.7,52.8,68.8,Cotton,Yes,68.8
72.6,29.9,Agricultural,Low,Borewell,No,No,Yes,2.6,40.1,57.7,Maize,Yes,41.9
75.1,25,Agricultural,High,None,No,Yes,No,6.4,59.3,61.8,Cotton,Yes,118.4
86.9,15.6,Agricultural,Low,None,No,Yes,No,8.8,65,61.9,Cotton,Yes,122.1
52.4,14.9,Agricultural,Low,Borewell,No,No,No,9.2,31.5,47.3,Maize,Yes,219.5
98,27.3,Agricultural,High,None,No,Yes,No,9,79.6,79.8,Millets,Yes,110
88.3,13.6,Agricultural,Medium,None,No,No,No,9.6,72.8,69.6,Maize,Yes,136
90.1,18.7,Agricultural,High,None,No,No,No,8.9,69.5,62.5,Cotton,Yes,132.9
87.4,11,Agricultural,Low,Borewell,Yes,No,Yes,2.5,62.1,69.9,Groundnut,Yes,46.8
97.7,17.2,Agricultural,Low,Borewell,No,Yes,Yes,9,67.8,97.5,Cotton,Yes,153.7
83.1,13.3,Agricultural,Medium,Canal,No,Yes,No,11,64.9,57,Cotton,Yes,215.3
77.7,10.1,Agricultural,Low,None,No,Yes,No,10.5,53.5,73.7,Millets,Yes,188.2
53.6,24.6,Agricultural,Medium,None,No,Yes,No,13.2,29.6,38.9,Millets,Yes,265.3
68.9,29.9,Agricultural,Low,None,No,Yes,No,7.3,47,60.6,Groundnut,Yes,93.1
80.4,20.3,Agricultural,Low,None,No,No,No,15.5,51.7,61.9,Cotton,Yes,181.2
82.7,19.9,Agricultural,Low,Canal,No,No,Yes,17.2,64.5,62.7,Millets,Yes,265.7
72.2,20.3,Agricultural,Low,Canal,No,No,No,4,56.9,59.9,Maize,Yes,61.9
66.2,22.6,Agricultural,Low,Borewell,No,Yes,Yes,12,47,63.7,Cotton,Yes,262.7
78.5,21.8,Agricultural,High,None,No,Yes,No,5.6,59.2,69.2,Millets,Yes,102.8
73,26.1,Agricultural,Medium,Canal,No,No,No,8.3,48.3,63.8,Groundnut,Yes,127
59.2,19.7,Agricultural,Medium,None,No,No,No,14.2,39.5,45.9,Maize,Yes,263.4
85.5,13.3,Commercial,Medium,None,No,No,No,1.3,47.8,63.9,None,Yes,93.5
67.5,11.3,Agricultural,Medium,None,Yes,No,No,12.8,51.9,51.3,Groundnut,Yes,253.7
50.7,13.2,Agricultural,Medium,None,No,No,No,16.9,37.2,39.7,Groundnut,Yes,383.3
54.6,18.6,Agricultural,Medium,None,No,No,No,16.6,41.4,49.3,Groundnut,Yes,332.5
53.6,14.1,Agricultural,Low,None,No,Yes,No,7.6,38.6,40.6,Groundnut,Yes,163.9
59.2,22.1,Agricultural,Low,Borewell,No,No,No,4.2,38.3,47.8,Maize,Yes,84.6
99.3,28.3,Agricultural,High,None,No,Yes,No,18.6,56.5,98.8,Millets,Yes,218.1
66.5,13.3,Residential,Low,None,No,Yes,No,2.7,38.1,47.5,None,Yes,112.7
69,17.1,Agricultural,High,Canal,No,No,No,2.1,54.4,67.6,Millets,Yes,46.7
52.4,17.2,Agricultural,Low,None,No,No,No,8.1,39.5,43.2,Groundnut,Yes,153.4
88.9,24.8,Agricultural,Low,None,No,Yes,No,3.4,59.7,70.7,Maize,Yes,33.2
81.9,14.4,Agricultural,High,None,No,No,No,5.5,58.7,54.4,Millets,Yes,99.7
82.3,26.8,Agricultural,Low,None,No,Yes,No,7.3,45.9,64.2,Maize,Yes,81.4
67.8,17.8,Residential,Low,Canal,No,No,No,1.8,53.3,51.9,None,Yes,72.3
92.8,11.3,Agricultural,Low,None,No,Yes,No,12,76.5,89.2,Maize,Yes,168.3
90.9,29.9,Agricultural,Low,Borewell,No,No,Yes,3.5,65.3,87.7,Groundnut,Yes,43.5
53.9,10.4,Agricultural,High,None,Yes,Yes,No,11.1,39.5,43.5,Groundnut,Yes,311
51,14.4,Agricultural,Medium,None,No,No,No,5,32.9,49.6,Groundnut,Yes,111.2
66.6,19.6,Agricultural,High,None,No,No,No,18.2,38.9,50.3,Cotton,Yes,364.1
51.9,23.2,Agricultural,Low,None,No,Yes,No,11,29.4,42.5,Cotton,Yes,210.1
65.8,24.7,Agricultural,Low,None,No,Yes,No,2.9,54.1,45.5,Groundnut,Yes,44
72.6,12,Agricultural,Medium,Borewell,No,No,No,2.3,59.5,71.9,Groundnut,Yes,52.5
85.2,14.6,Agricultural,Medium,None,No,Yes,No,10.4,69.7,63.9,Groundnut,Yes,173.2
53.7,12.6,Agricultural,High,None,No,Yes,No,2.7,43.4,43.1,Groundnut,Yes,74.6
77.6,23,Agricultural,Medium,None,No,Yes,No,2.1,51.7,56.8,Groundnut,Yes,32.4
81.5,12.6,Agricultural,Low,None,No,No,No,8.3,67.5,58.2,Maize,Yes,118.8
83.8,22.7,Agricultural,Medium,None,No,No,No,18.1,70.9,64.6,Cotton,Yes,218.1
74,14.2,Agricultural,Medium,Canal,No,Yes,Yes,7.2,51.7,48.6,Maize,Yes,165.7
63.9,17.6,Agricultural,High,Canal,No,Yes,Yes,15.7,38.9,55.9,Maize,Yes,427.6
57.2,12.5,Agricultural,Low,Canal,No,Yes,No,10.2,46,45.6,Cotton,Yes,239.2
85.5,12.6,Agricultural,Low,Borewell,No,Yes,No,14.7,52.8,84.3,Maize,Yes,284.7
93.8,15.2,Agricultural,Medium,None,No,Yes,No,18.9,55.4,90.1,Millets,Yes,274.3
65.9,12.2,Agricultural,Medium,None,No,Yes,No,12.5,41.1,65.2,Maize,Yes,273.6
75.5,29.2,Agricultural,Low,None,No,No,No,4.4,50.4,56.9,Millets,Yes,43.4
90.7,11.9,Agricultural,Medium,Borewell,Yes,Yes,No,17.4,55.2,66.8,Millets,Yes,353.4
90.1,18.1,Agricultural,Low,Borewell,No,Yes,Yes,5.3,56.6,73.8,Groundnut,Yes,97
63.7,26.2,Agricultural,High,Canal,No,No,Yes,15.9,53,63.3,Millets,Yes,353.5
85.8,21.2,Agricultural,High,Canal,No,Yes,Yes,5.8,59.4,68,Groundnut,Yes,124.4
51.2,27.2,Agricultural,Low,None,No,No,No,14.5,29,35.7,Groundnut,Yes,228
60.4,18.8,Agricultural,Low,Borewell,No,No,Yes,2.8,40.8,42.7,Maize,Yes,64.9
96.8,28.9,Agricultural,Low,None,No,No,No,2.5,53.6,79.4,Millets,Yes,15
68.1,27,Agricultural,Low,None,No,No,No,5,56.1,63.1,Millets,Yes,60.2
79.6,11.6,Agricultural,Medium,Canal,No,Yes,No,14.1,53.3,59.8,Millets,Yes,294.1
74.5,18,Agricultural,Low,None,No,No,No,3.2,49.9,73,Maize,Yes,45.1
72,24.2,Agricultural,Medium,None,No,No,No,2.9,44.5,66.9,Groundnut,Yes,41.5
81.3,12,Agricultural,Low,None,No,Yes,No,13.7,61.5,78.8,Millets,Yes,225.1
69.8,19.7,Agricultural,Medium,None,No,Yes,No,11.6,45,60.5,Cotton,Yes,212.4
86.7,24.7,Agricultural,Medium,Borewell,No,No,No,8.6,62.7,74.4,Maize,Yes,127.9
51.9,23.4,Agricultural,Low,None,No,Yes,No,14.1,38.6,49.8,Cotton,Yes,265.3
68,12.3,Agricultural,Low,None,No,No,No,5.8,47.9,58,Maize,Yes,101.4
74.5,20.3,Agricultural,Low,Canal,No,Yes,No,9,48.3,63.2,Groundnut,Yes,152.8
80.8,14.5,Agricultural,Medium,None,No,No,No,16.1,51.2,71.7,Maize,Yes,251.5
51.3,17.9,Agricultural,High,Canal,No,Yes,Yes,19.3,31,38.9,Cotton,Yes,578
62.8,26.7,Agricultural,Low,None,No,Yes,No,2.2,52,52.8,Maize,Yes,31.8
94.5,29.9,Agricultural,Medium,Canal,No,No,No,6.8,63.8,62.9,Millets,Yes,62.2
59.6,14.1,Agricultural,Low,None,No,No,No,8.5,39.7,44.5,Groundnut,Yes,155.5
74.9,21.4,Agricultural,Low,Borewell,No,Yes,Yes,14.2,43.1,66.4,Millets,Yes,293.5
74.8,15.1,Agricultural,Medium,None,No,Yes,No,19.2,55.9,59.9,Cotton,Yes,361.7
63.9,18,Agricultural,Medium,None,No,No,No,9.3,40.7,47.7,Groundnut,Yes,170.5
78.8,17.8,Agricultural,Low,None,No,No,No,13.2,54.2,57.4,Maize,Yes,172.7
92,16.8,Agricultural,High,Canal,No,Yes,No,14.5,56.9,82.7,Maize,Yes,282.5
93.8,29.6,Agricultural,Medium,None,No,No,No,7.7,79,77.8,Millets,Yes,56.8
96.8,25,Agricultural,High,None,No,Yes,No,9.5,61.7,74.3,Cotton,Yes,125.9
63.1,29.8,Agricultural,Medium,None,No,No,No,13.1,45.7,48,Maize,Yes,184.9
72.2,18.9,Agricultural,Low,None,No,No,No,9.9,57.6,63.7,Millets,Yes,138.9
52.3,26,Agricultural,Low,None,No,Yes,No,13.9,37,46.7,Millets,Yes,246.9
61.5,29.8,Agricultural,High,None,No,Yes,No,3.8,49.7,46.9,Maize,Yes,76.1
64.3,21.2,Agricultural,High,None,No,No,No,7.2,41.3,53.5,Groundnut,Yes,142.2
73,17.5,Agricultural,Low,Borewell,No,Yes,No,14,44.8,58.6,Millets,Yes,285.8
88.1,29.1,Agricultural,Low,Canal,No,Yes,No,19.5,66.9,58.3,Maize,Yes,214.7
56.6,11.2,Agricultural,Medium,None,No,Yes,No,5.3,32.9,39.8,Groundnut,Yes,126.3
70.1,22.9,Agricultural,Low,Canal,No,No,No,3.2,44,52.4,Millets,Yes,49.8
52.7,21.6,Agricultural,Medium,Borewell,No,Yes,Yes,6.6,30.5,47.8,Cotton,Yes,179
58,26.4,Agricultural,Low,None,No,No,No,18.2,47.6,41.4,Millets,Yes,264.8
78.9,21.5,Agricultural,Medium,Canal,No,Yes,Yes,15.2,51.5,63.2,Maize,Yes,298.6
52.3,22.4,Agricultural,High,None,No,No,No,10.1,40.5,34.9,Groundnut,Yes,224.2
71,18.1,Agricultural,Low,None,No,Yes,No,18.1,39.1,49.6,Millets,Yes,298.6
81.9,25.4,Agricultural,Low,Canal,No,No,Yes,11.8,59.9,78.1,Millets,Yes,159.9
98.5,13.4,Agricultural,Medium,None,No,No,No,13.6,74.8,91.6,Groundnut,Yes,163.6
96.6,23,Agricultural,Medium,Canal,No,Yes,No,19.6,64.7,82,Millets,Yes,257.4
76.4,21,Agricultural,Low,None,No,Yes,No,9.2,55.5,55.5,Millets,Yes,133.4
66.5,26.3,Agricultural,High,None,No,No,No,16.9,37.3,55.3,Cotton,Yes,299.6
91.4,12.1,Agricultural,Medium,Borewell,No,Yes,No,18.7,68.5,66.1,Cotton,Yes,376.7
54.5,25.8,Agricultural,Low,Borewell,No,Yes,Yes,4.6,30.8,49.1,Cotton,Yes,109
51.7,25.9,Agricultural,Low,None,No,No,No,10.2,41,39.8,Cotton,Yes,163.3
90.1,11.2,Agricultural,High,None,No,Yes,No,14.9,56.6,64.2,Millets,Yes,293.1
55.2,26.5,Agricultural,Low,None,No,No,No,3,32.4,49.8,Millets,Yes,45.5
70.1,25.2,Residential,Low,None,No,No,No,1.4,43.4,51.2,None,Yes,49
82.3,17.7,Residential,Low,Borewell,No,No,No,2.9,67.1,59.5,None,Yes,114.2
72,29.8,Agricultural,Low,None,No,Yes,No,13.4,43,62.3,Cotton,Yes,165.6
89.1,26.4,Agricultural,Low,None,No,Yes,No,7,55.1,64.1,Millets,Yes,68.8
61.4,13.9,Agricultural,Low,None,No,No,No,16.7,47.1,40,Maize,Yes,301
55.6,26,Agricultural,Low,Canal,No,No,No,4.5,43.7,37.4,Maize,Yes,78.1
90.8,10.9,Agricultural,Medium,None,Yes,Yes,No,4.1,73.8,77.1,Cotton,Yes,69.2
62.6,24.6,Agricultural,Medium,Borewell,No,Yes,No,2.7,39.5,47.1,Millets,Yes,58
68.7,29.9,Agricultural,Low,Canal,No,No,Yes,18.7,46,53.8,Millets,Yes,278.3
81.6,29.8,Agricultural,Low,Canal,No,No,No,3.7,49.3,79.3,Cotton,Yes,36.5
71.2,10.4,Agricultural,Low,Canal,Yes,No,No,2,57.2,69.8,Groundnut,Yes,36.5
71,27.8,Agricultural,Low,Canal,No,No,Yes,7.2,40.2,62.3,Cotton,Yes,107.5
51,27,Agricultural,Medium,Borewell,No,No,Yes,5.1,39.1,50,Millets,Yes,122.1
86,22.8,Agricultural,High,None,No,No,No,5.6,50.2,77.3,Groundnut,Yes,82.4
68.8,11.4,Agricultural,Medium,None,No,Yes,No,3.1,50.8,66.2,Maize,Yes,67.7
77.6,24.4,Agricultural,Low,Borewell,No,Yes,Yes,7.2,44.5,55.2,Cotton,Yes,134.1
86.5,11.4,Agricultural,Medium,None,Yes,No,No,18.9,68.1,66.8,Cotton,Yes,292.5
81.1,27.9,Agricultural,High,Borewell,No,Yes,No,12.7,66.5,76,Groundnut,Yes,250.8
82,18,Agricultural,Low,None,No,No,No,15.9,47.7,64,Maize,Yes,195
77.2,25.5,Agricultural,Medium,Canal,No,Yes,No,10,45.7,73,Maize,Yes,164.8
62.7,14.3,Agricultural,Low,Borewell,No,No,Yes,19.9,43.6,52.2,Millets,Yes,470.6
63.3,18.6,Agricultural,Low,None,No,No,No,19.3,38.5,45.2,Cotton,Yes,308.4
89.4,29.7,Agricultural,Medium,None,No,No,No,20,52.5,87,Cotton,Yes,167.7
78.2,26.7,Agricultural,Medium,None,No,Yes,No,19.5,62.1,72.8,Cotton,Yes,272.9
73.7,27.6,Agricultural,High,Borewell,No,No,No,9.5,49.8,60.5,Millets,Yes,184.9
93.8,11.7,Agricultural,High,None,No,Yes,No,3,71.5,92.1,Groundnut,Yes,55.7
89.1,27.7,Agricultural,Medium,Borewell,No,Yes,No,17.8,52.4,77.7,Cotton,Yes,271.2
77.7,17.3,Agricultural,Low,None,No,No,No,2.1,46.8,55.9,Millets,Yes,26.7
73.1,13.8,Agricultural,Low,None,No,No,No,9.2,56.9,53.7,Cotton,Yes,142.2
53.4,16.9,Agricultural,Medium,Canal,No,No,Yes,10,38.7,38.9,Maize,Yes,247.9
50.5,22.4,Agricultural,High,Borewell,No,No,Yes,17.9,30.1,38.3,Groundnut,Yes,512.6
54,21.8,Agricultural,High,None,No,Yes,No,15.9,40.9,47.6,Millets,Yes,379.7
73.1,14.4,Agricultural,Low,Canal,No,No,No,18.2,58.2,65.2,Millets,Yes,314.6
83.2,20.9,Agricultural,Low,None,No,Yes,No,12.6,70.5,55.7,Millets,Yes,161.7
53.6,18.3,Agricultural,Low,Canal,No,Yes,No,6.7,32,35.1,Maize,Yes,151.4
71.9,15.7,Agricultural,Medium,None,No,No,No,8.2,41.2,68.5,Cotton,Yes,142.7
72.6,16,Agricultural,High,None,No,No,No,10.2,56.7,60.8,Cotton,Yes,203.4
88.2,15.7,Agricultural,Medium,Borewell,No,No,No,8.9,68,85,Groundnut,Yes,157
80,22.7,Agricultural,Low,None,No,No,No,18.8,54.2,52.5,Groundnut,Yes,207.3
80.6,22.4,Agricultural,Low,None,No,Yes,No,9.2,67.8,57.2,Maize,Yes,119.7
81.7,22.2,Agricultural,Low,Canal,No,Yes,No,19.8,53.7,57.8,Cotton,Yes,290.9
92.1,25.5,Agricultural,Low,None,No,Yes,No,9.9,63.3,80.1,Groundnut,Yes,91
50.4,16.9,Agricultural,Medium,None,No,No,No,7.1,41.3,36.7,Millets,Yes,152.2
84.9,15.1,Agricultural,Medium,None,No,No,No,3.7,57.7,59.7,Maize,Yes,54.4
55.3,24.9,Agricultural,Low,Canal,No,Yes,Yes,8.4,39.9,41.4,Millets,Yes,180.6
67.1,21.3,Agricultural,Medium,Canal,No,No,No,17.9,55.4,59.8,Maize,Yes,328.8
82.1,10.5,Agricultural,High,Borewell,No,Yes,No,6.4,63.2,60.9,Groundnut,Yes,165.9
90.1,23.1,Agricultural,High,Canal,No,No,Yes,11.9,65.7,85.9,Groundnut,Yes,208.4
63.7,20.8,Agricultural,Low,Borewell,No,No,No,3.6,54,60,Groundnut,Yes,67.7
73.4,24.2,Agricultural,Medium,None,No,No,No,13.3,52.6,64.9,Cotton,Yes,184.3
81.7,16.4,Agricultural,Medium,None,No,Yes,No,14.2,67.7,59.7,Cotton,Yes,238.9
92.7,10.4,Agricultural,Low,None,No,No,No,18.5,55.4,67.8,Groundnut,Yes,229.9
75.4,15.5,Agricultural,High,Canal,No,Yes,No,7.3,55.6,58.3,Millets,Yes,171.5
63.5,13.4,Agricultural,Medium,None,No,Yes,No,17.7,36.1,45.6,Cotton,Yes,386.4
80.3,24,Agricultural,Medium,Borewell,No,Yes,Yes,11.9,45.5,77.3,Cotton,Yes,242.2
56.9,15,Agricultural,Low,Borewell,No,No,No,11.2,33.2,49.9,Millets,Yes,256.1
79.5,26.6,Agricultural,Medium,Canal,No,No,No,4,63.8,75.5,Maize,Yes,54.1
96.6,20.6,Agricultural,High,None,No,No,No,2.5,56.4,65.2,Maize,Yes,32.3
62.1,29.4,Agricultural,Low,None,No,Yes,No,17,37.3,61.9,Maize,Yes,245.7
69.6,15.3,Agricultural,Low,Canal,No,Yes,Yes,13.9,45,58,Millets,Yes,302.4
93.5,21.9,Agricultural,Low,None,No,No,No,9.6,57.9,80.1,Millets,Yes,79.8
72.2,10.9,Agricultural,Medium,None,No,No,No,12.1,40,70.3,Groundnut,Yes,227.2
85.2,19.9,Agricultural,Medium,Borewell,No,No,Yes,13.4,48.2,74.4,Millets,Yes,250.6
69.7,13.6,Agricultural,Low,None,No,Yes,No,13.4,54.8,58.1,Maize,Yes,246.8
51.1,24.5,Agricultural,Medium,None,No,No,No,8.1,36.8,44,Groundnut,Yes,149.8
87.1,28.2,Agricultural,Low,Borewell,No,Yes,Yes,6.9,59.5,60.4,Maize,Yes,104.7
62.9,12.4,Agricultural,Low,Canal,No,Yes,No,5.1,45.8,51.1,Millets,Yes,115.6
52.2,29.8,Agricultural,Medium,None,No,Yes,No,7.5,28.9,34.5,Maize,Yes,138.7
64,10.2,Agricultural,Medium,None,Yes,Yes,No,6.3,36.4,42,Maize,Yes,143
90,14.3,Agricultural,High,Canal,No,No,Yes,11.2,56,85.1,Maize,Yes,230.8
51.5,14.7,Agricultural,High,Borewell,No,No,Yes,11.9,32.6,35.2,Maize,Yes,369.7
60.5,24.7,Agricultural,Low,Borewell,No,Yes,Yes,19.3,47.5,41.8,Cotton,Yes,434.4
95.4,19.5,Agricultural,Low,Canal,No,Yes,No,5.5,52.6,91.6,Cotton,Yes,70.1
85.2,13.3,Agricultural,Medium,None,No,No,No,17.6,55.9,76.9,Millets,Yes,265.6
93.8,10.2,Agricultural,Low,None,Yes,No,No,16.3,52.6,76.7,Cotton,Yes,201.5
86.2,28.5,Agricultural,Medium,None,No,No,No,10.2,70.9,79.7,Millets,Yes,98.7
78,19.2,Agricultural,Medium,None,No,No,No,5.9,62.4,53.3,Maize,Yes,86.4
65.7,25.9,Agricultural,Low,None,No,No,No,14.7,38.4,56.9,Cotton,Yes,191.3
69.6,18.6,Agricultural,Medium,None,No,No,No,7,48.9,46.2,Cotton,Yes,117.7
72.8,16,Agricultural,Medium,None,No,Yes,No,6.5,48.8,63.2,Maize,Yes,120.9
95.1,18.1,Agricultural,Medium,None,No,No,No,12.7,64.8,78.8,Millets,Yes,143.9
52.7,21.8,Agricultural,Low,Borewell,No,No,Yes,12,40,38.1,Millets,Yes,277.4
63.4,23.9,Agricultural,Medium,None,No,Yes,No,4.2,49,49.5,Cotton,Yes,77.4
94,26,Agricultural,Low,None,No,Yes,No,12.2,71.5,89.5,Maize,Yes,107.1
91.1,17.5,Agricultural,Medium,Canal,No,No,No,4,54.8,64.3,Groundnut,Yes,56.2
99.7,12.1,Agricultural,Low,Canal,No,Yes,No,6.2,69.9,83.1,Groundnut,Yes,89.2
59.6,26.6,Agricultural,High,Canal,No,Yes,Yes,18.5,35.9,52.7,Groundnut,Yes,464.3
96.3,13.1,Agricultural,Low,None,No,Yes,No,14.2,72.3,87.4,Cotton,Yes,182.2
78.2,22.7,Agricultural,Low,Canal,No,No,No,9.6,45,62.2,Millets,Yes,128.1
67.8,20.6,Agricultural,Low,None,No,Yes,No,7.6,41.3,45.1,Groundnut,Yes,126
66.2,22.3,Agricultural,Medium,Canal,No,No,Yes,7.4,38.3,53,Millets,Yes,147.3
78.1,27.6,Agricultural,High,None,No,Yes,No,15.7,60.1,67.6,Millets,Yes,260.4
84.2,16.8,Agricultural,Low,None,No,No,No,17.8,64.3,68.2,Maize,Yes,215.5
71.4,19.8,Agricultural,Low,None,No,No,No,7.8,54.7,66.9,Millets,Yes,107.4
69.7,18.1,Agricultural,Low,None,No,Yes,No,7.8,45.8,48.4,Millets,Yes,130.8
82.9,18,Agricultural,High,Borewell,No,No,No,12.3,69.6,73.8,Cotton,Yes,257.9
76.1,29,Agricultural,Low,Canal,No,Yes,No,17.5,49.2,52,Cotton,Yes,239.2
85.5,14.9,Agricultural,Medium,None,No,No,No,10.3,63.4,70,Maize,Yes,148.9
91,17.9,Agricultural,Medium,Canal,No,No,Yes,10,76.5,65.5,Millets,Yes,162.1
69.6,26.8,Agricultural,Low,Borewell,No,Yes,Yes,7.1,55.4,47.8,Cotton,Yes,141.1
87.1,20.3,Agricultural,Medium,None,No,No,No,3.5,57.5,84.6,Maize,Yes,41.5
68,17,Agricultural,Medium,None,No,No,No,13.6,47.1,54.6,Groundnut,Yes,239.6
54.1,11,Agricultural,High,None,No,Yes,No,4.3,44,40.4,Groundnut,Yes,119.4
77.3,29.8,Agricultural,High,Borewell,No,Yes,No,16.5,45.8,68.2,Millets,Yes,329.5
94.1,21.5,Agricultural,Medium,Canal,No,Yes,Yes,17.2,65.5,93.4,Millets,Yes,278.1
91.2,13.1,Agricultural,Medium,None,No,Yes,No,19.6,68.1,84.6,Cotton,Yes,310.7
81.7,29.6,Agricultural,High,None,No,Yes,No,16.4,55.4,74.1,Cotton,Yes,248.1
78.7,16.6,Agricultural,Medium,None,No,Yes,No,14.1,64.4,61.2,Maize,Yes,243.4
60.7,25.2,Agricultural,Low,None,No,Yes,No,18.8,42.5,53.6,Maize,Yes,307.5
66.4,19,Agricultural,Medium,None,No,No,No,11.1,43.2,54.4,Groundnut,Yes,189.5
68.8,18.9,Agricultural,Low,None,No,No,No,19.5,50.5,68.7,Groundnut,Yes,287.4
54.7,23.1,Agricultural,Low,Borewell,No,No,No,10.1,44,53.4,Millets,Yes,204.6
85.3,21.7,Agricultural,Medium,None,No,Yes,No,9.6,47.8,72.2,Cotton,Yes,135.9
62.7,18.6,Agricultural,Medium,Canal,No,Yes,Yes,9.1,52.1,44.4,Maize,Yes,222.1
85.7,29.6,Agricultural,High,Canal,No,No,No,3,62.9,59,Maize,Yes,42.6
86.8,19,Agricultural,Medium,None,No,No,No,2.6,70.6,82.7,Millets,Yes,31.5
65.5,21,Agricultural,Low,Canal,No,No,Yes,3.1,40.3,62.8,Cotton,Yes,58.4
87.9,11.4,Agricultural,Medium,None,No,No,No,14.4,55.9,63.1,Groundnut,Yes,219.8
86.3,16.6,Agricultural,Low,Borewell,No,No,Yes,11,50,76.3,Millets,Yes,196.7
94,23.5,Agricultural,High,Canal,No,No,Yes,13.3,62.3,65.1,Millets,Yes,220.1
53.3,24.2,Agricultural,Medium,Canal,No,No,No,19.1,37.6,46.2,Millets,Yes,387.8
92.5,25.1,Agricultural,Medium,Canal,No,No,No,13.9,74,80.3,Millets,Yes,156.4
65.8,24.7,Agricultural,High,None,No,Yes,No,17.9,45,61,Cotton,Yes,364
58.7,18.8,Agricultural,High,None,No,No,No,18.4,34.3,58.6,Millets,Yes,404
64.3,16.5,Agricultural,Medium,None,No,No,No,11.5,50.7,59.4,Cotton,Yes,213.5
93.6,22.8,Agricultural,Low,None,No,No,No,7.1,62.1,68.7,Maize,Yes,55.1
81.6,15.2,Agricultural,Medium,Canal,No,Yes,Yes,18,64.7,56.4,Millets,Yes,383
80,12.9,Agricultural,Low,Canal,No,No,Yes,5.3,63.1,69.5,Groundnut,Yes,98.6
69.2,21.3,Agricultural,Low,None,No,Yes,No,14.4,54.3,51,Maize,Yes,228.2
61.6,26.5,Agricultural,Low,None,No,Yes,No,2.3,36.3,43,Cotton,Yes,36.8
66,17.3,Agricultural,Medium,None,No,No,No,10.3,47.9,46.2,Cotton,Yes,184.5
66.8,28.7,Agricultural,Low,Borewell,No,No,Yes,19.9,55.8,46.7,Groundnut,Yes,352.1
64.7,16.6,Agricultural,Low,Borewell,No,No,Yes,15.8,52.2,56.4,Groundnut,Yes,354.1
56.2,24.4,Commercial,High,Borewell,No,Yes,No,1.4,43.9,51.1,None,Yes,119
62.8,25.3,Agricultural,High,None,No,Yes,No,12.4,40.9,42.8,Cotton,Yes,257.2
64.4,18,Agricultural,Medium,Canal,No,Yes,No,13.6,47.2,58.3,Groundnut,Yes,299.3
76.8,28.7,Agricultural,High,Borewell,No,No,No,12.6,53.1,65.5,Cotton,Yes,233.2
53.2,14.8,Agricultural,Medium,Borewell,No,Yes,Yes,3.5,41.2,45.1,Groundnut,Yes,104.2
85,13.1,Agricultural,Low,None,No,No,No,4.9,72.2,70.6,Groundnut,Yes,63.6
65.6,23.7,Agricultural,High,Canal,No,No,No,12.7,38.8,63.8,Groundnut,Yes,265.5
59.3,20.2,Agricultural,Low,Borewell,No,No,No,16.6,38.8,54.2,Cotton,Yes,338
94.2,15.4,Agricultural,Medium,Canal,No,No,No,12.2,52.9,72.5,Cotton,Yes,176.8
53.3,10.2,Agricultural,Low,Borewell,No,No,Yes,3.9,44.3,46.6,Millets,Yes,104.7
66,26.2,Agricultural,Low,None,No,No,No,17.4,40.8,51,Groundnut,Yes,223.2
84.5,21.7,Agricultural,Low,None,No,No,No,12.7,52.3,67.2,Millets,Yes,129.2
91.5,13.2,Agricultural,Low,Canal,No,Yes,Yes,4,67.3,66.9,Groundnut,Yes,70.6
50.3,18,Agricultural,Low,Canal,No,Yes,No,2.3,41.5,47.4,Cotton,Yes,54.9
83.9,10.7,Agricultural,Medium,Canal,No,Yes,No,13.1,68.2,74,Maize,Yes,264.4
74.1,19.1,Agricultural,Medium,None,No,No,No,6.3,50,68.9,Maize,Yes,97.6
96.6,13.8,Agricultural,Medium,None,No,Yes,No,3.6,81.5,76.1,Cotton,Yes,51.4
95.6,16.3,Agricultural,Medium,None,No,No,No,19.7,60.7,69.8,Millets,Yes,231.8
54.5,19.9,Agricultural,Medium,None,No,No,No,19.9,39.6,39.1,Groundnut,Yes,387.4
72.9,24.1,Agricultural,High,Canal,No,Yes,Yes,10.5,42.8,63.7,Groundnut,Yes,243.4
89.7,26.6,Agricultural,Low,Canal,No,No,Yes,19.2,76.2,80.6,Millets,Yes,221.2
85,10.6,Agricultural,Low,Canal,Yes,Yes,Yes,6,59,68.9,Millets,Yes,118.7
97.4,24.4,Agricultural,Medium,None,No,Yes,No,7.1,55.4,66.9,Groundnut,Yes,73.3
69.4,20.4,Agricultural,Medium,None,No,No,No,5.5,49.2,59.3,Groundnut,Yes,89.1
93.1,25.5,Agricultural,Medium,Canal,No,No,No,2.5,60.9,91.3,Maize,Yes,27.4
64.2,13.3,Agricultural,High,None,No,No,No,17.8,50.1,60,Maize,Yes,405.7
81.5,28.4,Agricultural,Low,Canal,No,Yes,Yes,3.1,50.9,72.7,Groundnut,Yes,45.8
94.8,12.2,Agricultural,Medium,None,No,Yes,No,5.8,78.9,81.1,Millets,Yes,87.4
91.6,21.8,Agricultural,Low,None,No,No,No,8.8,65.8,89.1,Maize,Yes,76.5
59.3,17.4,Agricultural,Low,None,No,Yes,No,11.5,47,45,Maize,Yes,224.6
71.3,13.9,Agricultural,Low,Canal,No,Yes,No,4.2,60,67.8,Maize,Yes,81.9
95.7,13.3,Agricultural,Low,None,No,Yes,No,9.6,63.2,64.1,Millets,Yes,122.1
91.9,26.8,Agricultural,High,None,No,No,No,11.8,57.5,61.9,Maize,Yes,140.9
59,18.4,Agricultural,Low,None,No,No,No,4.8,33.9,53.9,Cotton,Yes,80.5
68.7,20.2,Agricultural,Low,None,No,No,No,12.5,43,53.3,Millets,Yes,179.8
74.4,11.8,Agricultural,Low,None,No,No,No,13,49.4,65,Groundnut,Yes,206.9
97.3,13,Agricultural,Medium,None,No,No,No,6.7,63.3,94.8,Millets,Yes,85.7
76.8,10.6,Agricultural,Medium,Canal,No,No,No,6.5,64.2,75.9,Millets,Yes,130.6
57.1,26.9,Agricultural,Medium,None,No,No,No,17.9,38.8,44.8,Groundnut,Yes,297.1
70.8,10.5,Agricultural,High,Borewell,No,Yes,No,18.9,47.6,65,Maize,Yes,532.9
59.7,17.9,Agricultural,High,Borewell,No,No,Yes,14.9,39.1,51.5,Millets,Yes,419.2
55.6,10.2,Agricultural,Medium,None,No,Yes,No,12.9,37.1,44.3,Millets,Yes,317.7
99.1,20,Agricultural,Low,None,No,Yes,No,15.9,79.3,92.3,Maize,Yes,152.5
91.1,18.8,Agricultural,High,None,No,Yes,No,13.7,61.3,76.4,Millets,Yes,233
74,11.2,Agricultural,Low,Borewell,No,No,No,16.4,60.5,52.1,Maize,Yes,332.4
72.4,25.5,Agricultural,Medium,None,No,Yes,No,19.6,46.6,59.4,Groundnut,Yes,308.6
78.1,22.6,Agricultural,Low,None,No,No,No,12.8,61.4,53.3,Maize,Yes,145.9
90.2,14.4,Agricultural,Low,Canal,No,Yes,Yes,19.7,62.8,73.2,Groundnut,Yes,346.8
97.9,15.5,Agricultural,Low,None,No,Yes,No,12.8,75.1,83.5,Cotton,Yes,147.9
84.2,23,Agricultural,Low,None,No,Yes,No,6.1,49,83.8,Groundnut,Yes,73.9
92.7,17.8,Agricultural,Low,Canal,No,No,Yes,5.3,77,89.3,Millets,Yes,74.9
55.7,10.9,Agricultural,Medium,None,Yes,Yes,No,19.6,33.8,37.7,Millets,Yes,478.4
73.4,17.8,Agricultural,Low,Canal,No,No,No,17.6,54.6,58.8,Groundnut,Yes,282.7
88.7,10.5,Agricultural,Medium,Canal,Yes,Yes,No,19.3,52.8,86,Millets,Yes,371.3
63.7,14.7,Agricultural,Low,None,No,No,No,13,44.1,51.5,Cotton,Yes,225.9
66.7,29.2,Agricultural,Low,Canal,No,Yes,No,16.6,46.3,63.4,Groundnut,Yes,260
72.6,28.3,Agricultural,High,Borewell,No,Yes,No,4.9,45,50.9,Maize,Yes,105.8
62.9,13.4,Agricultural,Medium,None,No,No,No,13,39.7,44,Millets,Yes,257.9
89.5,10.2,Agricultural,Medium,None,Yes,Yes,No,13.6,70.2,82.3,Millets,Yes,235.2
70.1,12.8,Agricultural,Low,None,No,No,No,9.3,40.9,66.5,Maize,Yes,153.5
56.3,22.1,Agricultural,Medium,Borewell,No,No,Yes,13.1,45.5,55.1,Maize,Yes,318.5
73.3,22.2,Agricultural,Medium,Canal,No,No,Yes,14.7,44.8,63.9,Groundnut,Yes,274.9
86.6,25.6,Agricultural,Medium,Canal,No,Yes,No,7,52,57.6,Cotton,Yes,101.1
61.1,26.8,Agricultural,Low,None,No,No,No,7.6,46.3,40.2,Maize,Yes,102.2
62,11.1,Agricultural,Medium,Borewell,No,No,No,4.4,41.5,46.7,Cotton,Yes,107.9
80.5,15.6,Agricultural,Low,Canal,No,No,No,8.7,60.1,55.3,Millets,Yes,133.3
69.3,23.1,Agricultural,High,None,No,No,No,4,41.7,67.9,Maize,Yes,74.4
62.4,15.5,Agricultural,Low,None,No,Yes,No,5.6,51.9,49.6,Cotton,Yes,109.4
74.7,21.1,Agricultural,High,Canal,No,Yes,Yes,5.8,58.3,56.3,Cotton,Yes,136.2
79.1,27.3,Agricultural,Medium,None,No,Yes,No,15.1,44.9,62,Maize,Yes,203.6
84.4,16.2,Agricultural,Low,Canal,No,Yes,Yes,8.7,59.3,61.5,Millets,Yes,159.5
93.9,24.8,Agricultural,High,None,No,No,No,6.2,60,67.4,Millets,Yes,74.5
66.8,19.5,Agricultural,Medium,None,No,No,No,12,47.8,53.1,Cotton,Yes,203.1
88.9,15.7,Agricultural,Medium,None,No,Yes,No,15.6,55.1,60.5,Maize,Yes,242.9
90.2,12.2,Agricultural,Low,None,No,No,No,3.9,51.7,70,Maize,Yes,49.3
75.8,19.2,Agricultural,Low,Borewell,No,No,Yes,17.4,49.8,56.5,Cotton,Yes,333.2
95.2,20.2,Agricultural,Low,Borewell,No,Yes,No,3.4,70.7,61.9,Cotton,Yes,50.6
60.9,14.7,Agricultural,Low,None,No,Yes,No,19.5,39.5,40,Groundnut,Yes,389.3
60.9,12.2,Agricultural,Low,Canal,No,Yes,No,5.1,34.6,57.9,Cotton,Yes,118.4
69.7,17.2,Agricultural,Medium,Canal,No,Yes,Yes,16.6,48.7,45.3,Cotton,Yes,385.5
98.8,24.2,Agricultural,Medium,None,No,No,No,11.6,73.2,84.3,Millets,Yes,97.4
88,10.9,Agricultural,Medium,None,No,No,No,4.7,71.8,87.5,Millets,Yes,71.3
69.2,28.7,Agricultural,Medium,None,No,Yes,No,10.1,38.6,50.6,Groundnut,Yes,154
85,16.1,Agricultural,High,None,No,Yes,No,2.4,64.8,73.4,Cotton,Yes,45.2
62.3,22.9,Agricultural,Low,None,No,Yes,No,12.4,52.3,61.8,Millets,Yes,209.7
74.1,27.6,Agricultural,Low,None,No,Yes,No,16.8,51.3,67.9,Groundnut,Yes,209.6
53.3,14.4,Agricultural,Low,None,No,Yes,No,10.2,44.6,51.1,Groundnut,Yes,221.9
62.3,30,Agricultural,Low,None,No,No,No,2.6,49,56.5,Maize,Yes,32.2
98.7,19.2,Agricultural,Medium,Canal,No,No,No,17.2,58.7,78,Cotton,Yes,205.7
66.8,15,Agricultural,Low,Canal,No,No,Yes,17,45.1,56,Maize,Yes,350
62.8,25.8,Agricultural,Low,Canal,No,No,No,3.1,50.7,46.6,Maize,Yes,49.8
97.5,24.5,Agricultural,Low,None,No,Yes,No,19.8,58.7,90.5,Groundnut,Yes,167.5
96,29.3,Agricultural,Low,Canal,No,No,No,13,78.9,83.5,Maize,Yes,90.8
83,10.1,Agricultural,Medium,None,Yes,Yes,No,15.8,64.6,63.5,Maize,Yes,297.5
91.6,14.3,Agricultural,Low,None,No,No,No,3.8,59.1,89.4,Cotton,Yes,43.3
70,27.6,Agricultural,Medium,None,No,No,No,14,47.8,56.8,Maize,Yes,186.6
83.9,27.3,Agricultural,Low,None,No,Yes,No,16.6,68.4,79.3,Maize,Yes,175.7
59.5,11.4,Agricultural,Low,Canal,Yes,No,No,18.5,41.6,51.2,Millets,Yes,397.6
58.4,14.5,Agricultural,Low,None,No,No,No,5.4,43.1,42.3,Maize,Yes,101.3
56.3,17.8,Agricultural,Low,Canal,No,No,Yes,15,40.8,48.3,Millets,Yes,329.8
57.2,20.7,Agricultural,Medium,Borewell,No,Yes,No,14.1,45.2,56.8,Maize,Yes,349.8
86.5,25.7,Agricultural,Medium,None,No,No,No,6.6,63.9,71.5,Maize,Yes,70.1
90.3,26.7,Agricultural,Low,None,No,No,No,9.7,76.3,59.7,Maize,Yes,69.6
99.1,11.7,Agricultural,Medium,Borewell,Yes,No,No,18.7,68.1,76.5,Cotton,Yes,309.2
97.5,17.6,Agricultural,Medium,Borewell,No,No,Yes,16.3,69.5,82.9,Cotton,Yes,274.9
50.8,13.2,Agricultural,Low,Borewell,No,Yes,Yes,9.5,31.2,37.6,Millets,Yes,273.8
56.3,27,Agricultural,Low,None,No,Yes,No,16.7,40.6,41.5,Maize,Yes,279.2
99.1,27,Agricultural,Medium,None,No,No,No,16.7,68.1,73.6,Millets,Yes,121.3
54.5,13.8,Agricultural,High,Borewell,No,No,Yes,6.4,31.4,43.5,Cotton,Yes,196.7
70,17.3,Agricultural,Medium,Borewell,No,Yes,Yes,14.4,58.6,47.2,Maize,Yes,361.4
65.9,21,Agricultural,Medium,None,No,No,No,12.4,46,64.6,Maize,Yes,207.7
67.8,29.6,Agricultural,Medium,Canal,No,No,Yes,10.6,52.9,54.7,Groundnut,Yes,180.8
63.6,19.9,Agricultural,Low,None,No,No,No,14.2,48.8,60.2,Maize,Yes,220
95.1,10.3,Agricultural,Low,None,Yes,No,No,3.3,72,79.6,Maize,Yes,39.6
97.6,17.1,Agricultural,Low,Borewell,No,No,Yes,2.4,64.2,76.6,Groundnut,Yes,35.9
62.8,14.3,Agricultural,High,None,No,Yes,No,18.7,52.7,55.9,Groundnut,Yes,463.3
83.6,20,Agricultural,High,None,No,Yes,No,2.1,56.3,81.5,Maize,Yes,37.3
92.9,13.3,Agricultural,Low,Canal,No,No,No,6.8,55.8,78.2,Groundnut,Yes,91.9
54.2,22.7,Agricultural,Low,None,No,Yes,No,5.4,36.9,53.6,Maize,Yes,99.8
54.5,23.7,Agricultural,High,Canal,No,Yes,Yes,16.5,37.3,40.8,Millets,Yes,450
67.3,15.8,Agricultural,Medium,None,No,Yes,No,12.3,52.3,65.2,Groundnut,Yes,249.1
78.1,28.7,Agricultural,High,None,No,No,No,13.8,45.7,56.3,Cotton,Yes,198.6
76.7,29.6,Agricultural,Low,Canal,No,Yes,Yes,18,44.1,75.9,Groundnut,Yes,276.4
95.1,18.8,Agricultural,Low,None,No,No,No,13.7,65.6,65.5,Groundnut,Yes,123.2
66.9,22.2,Agricultural,Medium,None,No,No,No,8.1,47.9,61.1,Groundnut,Yes,127.7
79.8,29.5,Agricultural,Medium,Canal,No,Yes,No,2.4,63,79.8,Cotton,Yes,36.2
78.1,19.8,Agricultural,Medium,None,No,Yes,No,4.9,57.8,65.5,Maize,Yes,78.3
76.6,14.2,Agricultural,Low,Borewell,No,No,No,5.8,56,70.1,Groundnut,Yes,109.7
74.5,15,Agricultural,Medium,None,No,No,No,7,45.6,71.6,Cotton,Yes,116.4
66.6,17.3,Agricultural,Medium,Borewell,No,Yes,No,8,44.9,48.5,Maize,Yes,192
56.9,16.3,Residential,Low,Canal,No,No,No,2.4,40.4,39.2,None,Yes,104.7
87.8,20,Agricultural,Medium,Borewell,No,No,Yes,15.7,73,76.5,Maize,Yes,283.5
82,10.6,Agricultural,Low,None,No,Yes,No,5.2,51.8,72.8,Millets,Yes,85.5
85.5,10.4,Agricultural,Medium,Canal,Yes,No,No,8.8,61.5,62.9,Maize,Yes,160.6
91.6,17.8,Agricultural,Medium,None,No,No,No,11.9,55.9,61.1,Groundnut,Yes,144.2
55.3,18.9,Agricultural,Medium,Borewell,No,No,Yes,3.6,43.6,48.5,Maize,Yes,93.3
54.9,21.4,Agricultural,Medium,Canal,No,Yes,Yes,7.7,43.5,49.2,Groundnut,Yes,191.5
94.7,27.9,Agricultural,Medium,Canal,No,Yes,No,2.5,61.3,84.2,Millets,Yes,29.8
100,12.9,Agricultural,Medium,None,No,No,No,10.6,66.4,68.8,Millets,Yes,129
72.2,23.1,Agricultural,Low,None,No,Yes,No,17.2,41,70.4,Groundnut,Yes,249.6
97.9,11.5,Commercial,High,Canal,Yes,Yes,No,1.9,64.3,85.3,None,Yes,146.9
72,25.6,Agricultural,Low,None,No,Yes,No,3.5,60.1,55.5,Maize,Yes,47.8
68.6,11.2,Agricultural,Medium,None,No,Yes,No,3.5,41.2,45.8,Groundnut,Yes,73.5
98.6,28.5,Agricultural,Medium,Canal,No,Yes,Yes,2.4,67.4,65.1,Millets,Yes,29.9
98.4,23.3,Agricultural,Low,None,No,No,No,6.2,69.9,93.6,Millets,Yes,43.4
63.2,29,Agricultural,High,None,No,No,No,15.5,40.6,55.1,Maize,Yes,271.4
93.2,10.5,Agricultural,High,None,No,Yes,No,7.1,54.8,88.9,Cotton,Yes,138.4
85.7,22.1,Agricultural,Low,None,No,Yes,No,5.2,51.5,68.3,Cotton,Yes,61.3
68.7,20.8,Agricultural,Medium,None,No,Yes,No,11.9,44.9,61.5,Millets,Yes,215.9
70.5,14.7,Agricultural,Low,Canal,No,Yes,No,2.8,56.7,51.5,Maize,Yes,55.3
79.1,28.8,Agricultural,Medium,Borewell,No,No,Yes,15.6,47.4,77,Maize,Yes,263.7
87.2,17.1,Agricultural,Low,Borewell,No,No,No,7.4,55.5,68.7,Maize,Yes,114
87.4,27.9,Agricultural,Medium,Canal,No,No,No,16.4,55.1,78.9,Cotton,Yes,187.1
93.2,15.4,Agricultural,Medium,Canal,No,Yes,Yes,2.6,74.2,81,Millets,Yes,48.8
52.5,27.8,Agricultural,Low,None,No,No,No,15.8,31.8,38.3,Groundnut,Yes,241.2
71.1,18.4,Agricultural,Medium,Canal,No,Yes,Yes,17.4,54.6,62.1,Cotton,Yes,389.8
52.9,20.2,Agricultural,Medium,None,No,Yes,No,9.6,37.8,49.7,Maize,Yes,210.7
52.8,26.5,Agricultural,Low,Canal,No,No,No,10,41.9,40.4,Millets,Yes,174.6
97.6,27,Agricultural,Low,Borewell,No,Yes,No,17.9,66.3,81.3,Maize,Yes,206.7
69.7,20.5,Residential,Low,None,No,No,No,1.1,50.6,48.6,None,Yes,40.8
79.5,18.8,Agricultural,Medium,Canal,No,No,No,2.9,63,67.2,Maize,Yes,47.4
55.7,28.8,Agricultural,Medium,Borewell,No,Yes,No,18.8,45.2,36.9,Groundnut,Yes,415.5
95.3,11.2,Agricultural,Low,None,Yes,Yes,No,3.1,68.2,92.2,Groundnut,Yes,40.6
58,29.5,Agricultural,Low,None,No,No,No,15.4,47.2,52.3,Cotton,Yes,205.1
71.5,28.4,Agricultural,Low,None,No,Yes,No,18.2,51,66.4,Maize,Yes,232.2
84.5,13,Agricultural,Low,None,No,Yes,No,10.4,66.2,82.5,Maize,Yes,160.2
97.3,13.8,Agricultural,Medium,Canal,No,Yes,Yes,8.9,55.5,95.4,Groundnut,Yes,164.1
97.4,12.9,Agricultural,Medium,Canal,No,Yes,Yes,15.3,81.6,79.7,Maize,Yes,284.9
74.1,21.4,Agricultural,High,None,No,Yes,No,15.4,58.1,56.6,Cotton,Yes,301.8
92,26.5,Agricultural,Low,None,No,No,No,11.6,69.8,72.6,Millets,Yes,80.1
65.2,12.4,Agricultural,Low,Canal,No,No,Yes,14.4,54.7,51.3,Cotton,Yes,313.9
68.9,28.3,Agricultural,Low,Canal,No,Yes,Yes,5.9,47.7,53.4,Maize,Yes,101.1
60.4,19,Agricultural,High,None,No,No,No,9.3,33.7,43.2,Cotton,Yes,202.2
99,24.5,Agricultural,Medium,None,No,No,No,17.2,80.6,72.2,Millets,Yes,141.1
54.2,28,Agricultural,High,Borewell,No,No,No,13.2,34.7,48,Maize,Yes,314.9
75.5,28.6,Agricultural,Medium,Canal,No,No,No,9.4,45.4,63.5,Maize,Yes,130.2
73.9,21.1,Agricultural,High,None,No,No,No,12.7,62.2,55.4,Groundnut,Yes,228.4
86.7,12,Agricultural,Low,None,No,Yes,No,19.8,51.5,76.6,Maize,Yes,301.4
57.7,13.2,Agricultural,Medium,Canal,No,No,Yes,3.2,44.1,47,Millets,Yes,79.5
64.2,24.2,Agricultural,High,None,No,No,No,14.6,48.5,49,Groundnut,Yes,276.9
69,22.5,Agricultural,Low,Canal,No,No,Yes,6.6,55.4,51.3,Maize,Yes,116.2
56,22.2,Agricultural,Medium,None,No,No,No,3,37.3,48,Groundnut,Yes,55.7
98.5,10.2,Agricultural,Low,None,No,Yes,No,4.7,60.9,90.2,Groundnut,Yes,60.6
71.9,21.9,Agricultural,Low,None,No,No,No,9.6,42.5,50.7,Cotton,Yes,125.2
62.5,12.5,Agricultural,Medium,Borewell,No,No,No,6.4,50.4,56.8,Millets,Yes,156.4
89.1,13.1,Agricultural,Medium,Canal,No,No,Yes,2.3,74.8,65.4,Maize,Yes,40.9
80.8,17.2,Agricultural,Medium,Canal,No,No,No,12.1,46.1,66.5,Cotton,Yes,200.5
51.7,22.1,Agricultural,Low,Borewell,No,No,No,17.3,28.7,42.6,Groundnut,Yes,371.8
75.4,11.3,Agricultural,Low,Canal,Yes,Yes,Yes,9.1,50.3,50.3,Millets,Yes,200.2
94.6,27.1,Agricultural,Low,None,No,No,No,8.7,58.4,65.8,Millets,Yes,53.8
96.4,29.6,Agricultural,Medium,None,No,No,No,6,62.7,75.2,Groundnut,Yes,42.6
81.8,17.1,Agricultural,Low,None,No,No,No,5.2,63.4,58.3,Maize,Yes,66.9
54.4,27.7,Agricultural,Low,None,No,No,No,15.4,44.3,38.8,Cotton,Yes,229.9
67.8,13,Agricultural,Low,Canal,No,No,No,12.8,46.3,48.6,Maize,Yes,244
72.7,10.8,Agricultural,Medium,Canal,Yes,Yes,Yes,11.9,49.4,55.5,Maize,Yes,294.8
99.8,12.2,Agricultural,Low,Canal,No,No,Yes,13.9,67.1,67,Millets,Yes,197.9
68.7,14,Agricultural,Low,None,No,No,No,17.4,37.9,57.2,Cotton,Yes,288.6
64.9,15.4,Agricultural,Medium,Borewell,No,No,No,4.4,48.8,55.2,Cotton,Yes,99.9
78.2,25.3,Agricultural,High,Canal,No,No,No,3.5,60.5,62.9,Cotton,Yes,59.4
61,27,Agricultural,High,None,No,Yes,No,3,36.4,49.8,Cotton,Yes,61.1
81.8,28.4,Agricultural,Medium,Canal,No,Yes,No,4.3,45.4,65,Millets,Yes,62.9
81.2,20,Agricultural,High,None,No,No,No,18.7,63.1,56.4,Maize,Yes,312.8
97.2,16.4,Agricultural,Low,None,No,Yes,No,13,61.1,91.8,Maize,Yes,148.8
65.8,22.1,Agricultural,Medium,Canal,No,Yes,Yes,9.5,53.1,56.5,Cotton,Yes,211.1
65.8,26.5,Agricultural,Medium,Borewell,No,Yes,No,15.6,54.8,55.5,Millets,Yes,324
64.1,14.5,Agricultural,Low,Borewell,No,No,No,5,39,54.2,Cotton,Yes,105.1
96,15.7,Agricultural,Medium,Canal,No,Yes,No,12.5,62.1,71.9,Maize,Yes,196.7
86.8,26.8,Agricultural,Low,None,No,Yes,No,7.8,52.7,84.5,Groundnut,Yes,80
75.1,14.2,Agricultural,Medium,Canal,No,No,Yes,10.5,52.4,59.4,Maize,Yes,221.5
52.5,22,Agricultural,High,Borewell,No,No,Yes,8.1,36.5,41,Millets,Yes,230.3
57.3,12.3,Agricultural,High,None,No,Yes,No,13.3,46.2,46,Cotton,Yes,355.6
55.3,11.4,Agricultural,Low,None,Yes,Yes,No,11.7,31.3,40.1,Maize,Yes,259.9
83.7,17.5,Agricultural,High,Canal,No,Yes,No,9.8,48,74,Cotton,Yes,204.8
74.8,10.7,Agricultural,Low,None,No,Yes,No,3.1,49.4,52.4,Millets,Yes,57.3
94.2,17,Agricultural,Medium,None,No,Yes,No,16.6,71.5,90.2,Millets,Yes,231
93.5,18.9,Agricultural,Low,None,No,No,No,2.2,73.4,92.5,Groundnut,Yes,20.9
52.3,26.1,Residential,Low,None,No,No,No,2.5,41,46.3,None,Yes,95.2
57.9,19.1,Agricultural,Low,None,No,Yes,No,11.8,48.6,44.5,Maize,Yes,227.1
67.9,29.8,Agricultural,Low,None,No,No,No,3.4,40.1,52.8,Millets,Yes,36.3
88.4,23,Agricultural,Medium,Canal,No,Yes,No,19.6,73.7,74.6,Cotton,Yes,292.2
82.2,22.9,Agricultural,Low,None,No,Yes,No,6.9,49.5,80,Groundnut,Yes,84.9
80.1,12.6,Agricultural,Medium,None,No,Yes,No,11,54.6,67.1,Cotton,Yes,202.8
57.1,26.9,Agricultural,Medium,None,No,Yes,No,12.8,47.6,49.3,Millets,Yes,236
89.1,23.9,Agricultural,Low,Borewell,No,No,No,4.3,58.9,73.6,Maize,Yes,53.3
78.6,18.6,Agricultural,Medium,None,No,Yes,No,3.1,44.9,51.5,Cotton,Yes,50.7
62.9,14.8,Agricultural,High,None,No,No,No,6.3,34.7,59.5,Cotton,Yes,139.9
89.3,11.6,Agricultural,High,None,No,No,No,4.6,58.5,78.5,Maize,Yes,80.8
54.6,18.6,Agricultural,Low,None,No,No,No,9.7,34.8,48.2,Millets,Yes,173.5
91.3,25.7,Agricultural,Low,Canal,No,No,Yes,11.8,62.3,87.9,Maize,Yes,133.4
96.7,21.1,Agricultural,High,None,No,No,No,11.8,61.3,93.4,Groundnut,Yes,153.5
52.8,10.4,Agricultural,Medium,Canal,Yes,No,Yes,6.2,40.1,40.3,Groundnut,Yes,169.1
60.4,11.8,Agricultural,Low,Borewell,No,No,Yes,12.1,45.1,58.9,Cotton,Yes,301.6
66.2,14.6,Agricultural,Medium,Canal,No,Yes,No,5.1,46.7,47.3,Millets,Yes,116.8
56.2,27.2,Agricultural,Low,Canal,No,No,Yes,2.3,38,53.8,Groundnut,Yes,42.8
61,15.9,Agricultural,Low,Canal,No,No,Yes,12.6,37.2,45.9,Millets,Yes,272.6
99,27.7,Agricultural,Medium,None,No,Yes,No,3.1,81.9,89.8,Groundnut,Yes,27.3
82,15,Agricultural,Low,Canal,No,No,No,9.1,59.1,80.7,Maize,Yes,139.2
50.5,24.7,Agricultural,Low,Canal,No,Yes,No,15.1,34.2,40.4,Millets,Yes,311.4
78,14.5,Commercial,Low,Borewell,No,Yes,No,0.9,57.5,59.4,None,Yes,70.6
65.5,23.4,Agricultural,Medium,None,No,No,No,6.8,53.3,50.9,Cotton,Yes,107.9
98.6,20.4,Agricultural,Low,None,No,Yes,No,13.6,69.2,98.4,Maize,Yes,132.2
95.1,27.3,Agricultural,Low,None,No,No,No,14.6,57.2,73.2,Maize,Yes,88.9
91.6,12.2,Agricultural,Medium,None,No,No,No,13.5,51.4,61.7,Millets,Yes,188.6
80.7,15.3,Agricultural,Medium,None,No,No,No,13.4,52.1,59.3,Cotton,Yes,206.4
83.3,27.7,Agricultural,Medium,None,No,No,No,5.1,67.1,74,Cotton,Yes,55
88.4,22,Agricultural,Medium,Canal,No,No,Yes,19.7,56.8,72.1,Groundnut,Yes,300.9
73.2,27.7,Agricultural,Low,None,No,No,No,19.2,47.9,49.6,Cotton,Yes,207.4
66.4,13.7,Agricultural,Low,None,No,Yes,No,8.5,49.5,51.6,Groundnut,Yes,161.8
85.9,29.6,Agricultural,Medium,None,No,No,No,12.7,65.5,77.5,Groundnut,Yes,118.9
94.5,10.3,Agricultural,Low,Borewell,Yes,No,No,5.3,57.2,86,Maize,Yes,83.4
83.1,28.4,Agricultural,Low,None,No,Yes,No,2.5,50.8,83,Maize,Yes,26.5
67.1,18.9,Agricultural,Medium,Borewell,No,Yes,No,5.9,39.3,50.4,Cotton,Yes,138
